1,2001,Economic Sciences,2001-10-10,for their analyses of markets with asymmetric information,10000000
2,1975,Physics,1975-10-17,for the discovery of the connection between collective motion and particle motion in atomic nuclei and the development of the theory of the structure of the atomic nucleus based on this connection,630000
3,2004,Chemistry,2004-10-06,for the discovery of ubiquitin-mediated protein degradation,10000000
4,1982,Chemistry,1982-10-18,for his development of crystallographic electron microscopy and his structural elucidation of biologically important nucleic acid-protein complexes,1150000
5,1979,Physics,1979-10-15,"for their contributions to the theory of the unified weak and electromagnetic interaction between elementary particles, including, inter alia, the prediction of the weak neutral current",800000
6,2019,Economic Sciences,2019-10-14,for their experimental approach to alleviating global poverty,9000000
7,2019,Peace,2019-10-11,"for his efforts to achieve peace and international cooperation, and in particular for his decisive initiative to resolve the border conflict with neighbouring Eritrea",9000000
8,2009,Chemistry,2009-10-07,for studies of the structure and function of the ribosome,10000000
9,2011,Physics,2011-10-04,for the discovery of the accelerating expansion of the Universe through observations of distant supernovae,10000000
10,1939,Chemistry,,for his work on sex hormones,148822
11,1905,Chemistry,,"in recognition of his services in the advancement of organic chemistry and the chemical industry, through his work on organic dyes and hydroaromatic compounds",138089
12,1928,Chemistry,,for the services rendered through his research into the constitution of the sterols and their connection with the vitamins,156939
13,1980,Peace,1980-10-27,"for being a source of inspiration to repressed people, especially in Latin America",880000
14,1999,Chemistry,1999-10-12,for his studies of the transition states of chemical reactions using femtosecond spectroscopy,7900000
15,2010,Chemistry,2010-10-06,for palladium-catalyzed cross couplings in organic synthesis,10000000
16,2019,Chemistry,2019-10-09,for the development of lithium-ion batteries,9000000
17,2007,Peace,2007-10-12,"for their efforts to build up and disseminate greater knowledge about man-made climate change, and to lay the foundations for the measures that are needed to counteract such change",10000000
18,2000,Chemistry,2000-10-10,for the discovery and development of conductive polymers,9000000
19,1963,Physiology or Medicine,,for their discoveries concerning the ionic mechanisms involved in excitation and inhibition in the peripheral and central portions of the nerve cell membrane,265000
20,1907,Physics,,for his optical precision instruments and the spectroscopic and metrological investigations carried out with their aid,138796
21,1957,Literature,,"for his important literary production, which with clear-sighted earnestness illuminates the problems of the human conscience in our times",208629
22,1974,Physiology or Medicine,,for their discoveries concerning the structural and functional organization of the cell,550000
23,1921,Physics,,"for his services to Theoretical Physics, and especially for his discovery of the law of the photoelectric effect",121573
24,2007,Physics,2007-10-09,for the discovery of Giant Magnetoresistance,10000000
25,1902,Peace,1902-12-10,for his eminently practical administration of the Inter-Parliamentary Union,141847
26,1960,Peace,1961-10-23,for his non-violent struggle against apartheid,225987
27,1952,Peace,1953-10-30,"for his altruism, reverence for life, and tireless humanitarian work  which has helped making the idea of brotherhood between men and nations a living one",171135
28,1937,Physiology or Medicine,,"for his discoveries in connection with the biological combustion processes, with special reference to vitamin C and the catalysis of fumaric acid",158463
29,1910,Physiology or Medicine,,"in recognition of the contributions to our knowledge of cell chemistry made through his work on proteins, including the nucleic substances",140703
30,1964,Physics,,"for fundamental work in the field of quantum electronics, which has led to the construction of oscillators and amplifiers based on the maser-laser principle",273000
31,1970,Literature,1970-10-08,for the ethical force with which he has pursued the indispensable traditions of Russian literature,400000
32,2003,Physics,2003-10-07,for pioneering contributions to the theory of superconductors and superfluids,10000000
33,1912,Physiology or Medicine,,in recognition of his work on vascular suture and the transplantation of blood vessels and organs,140476
34,1982,Peace,1982-10-13,for their work for disarmament and nuclear and weapon-free zones,1150000
35,1969,Physiology or Medicine,,for their discoveries concerning the replication mechanism and the genetic structure of viruses,375000
36,1911,Peace,1911-12-10,"for his effort to expose and fight what he considers to be the main cause of war, namely, the anarchy in international relations",140695
37,1994,Physiology or Medicine,1994-10-10,for their discovery of G-proteins and the role of these proteins in signal transduction in cells,7000000
38,1966,Physics,,for the discovery and development of optical methods for studying Hertzian resonances in atoms,300000
39,1913,Chemistry,,in recognition of his work on the linkage of atoms in molecules by which he has thrown new light on earlier investigations and opened up new fields of research especially in inorganic chemistry,143010
40,2013,Literature,2013-10-10,master of the contemporary short story,8000000
41,1979,Physiology or Medicine,1979-10-11,for the development of computer assisted tomography,800000
42,1911,Physiology or Medicine,,for his work on the dioptrics of the eye,140695
43,1907,Physiology or Medicine,,in recognition of his work on the role played by protozoa in causing diseases,138796
44,2012,Economic Sciences,2012-10-15,for the theory of stable allocations and the practice of market design,8000000
45,1998,Economic Sciences,1998-10-14,for his contributions to welfare economics,7600000
46,1947,Peace,1947-10-30,"for their pioneering work in the international peace movement and compassionate effort to relieve human suffering, thereby promoting the fraternity between nations",146115
47,1977,Peace,1977-10-10,for worldwide respect for human rights,700000
48,1921,Literature,,"in recognition of his brilliant literary achievements, characterized as they are by a nobility of style, a profound human sympathy, grace, and a true Gallic temperament",121573
49,1956,Physiology or Medicine,,for their discoveries concerning heart catheterization and pathological changes in the circulatory system,200123
50,2010,Physics,2010-10-05,for groundbreaking experiments regarding the two-dimensional material graphene,10000000
51,1947,Literature,,"for his comprehensive and artistically significant writings, in which human problems and conditions have been presented with a fearless love of truth and keen psychological insight",146115
52,1965,Physiology or Medicine,,for their discoveries concerning genetic control of enzyme and virus synthesis,282000
53,2020,Physics,2020-10-06,for the discovery of a supermassive compact object at the centre of our galaxy,10000000
54,1975,Peace,1975-10-09,"for his struggle for human rights in the Soviet Union, for disarmament and cooperation between all nations",630000
55,1977,Physiology or Medicine,,for their discoveries concerning the peptide hormone production of the brain,700000
56,2006,Physiology or Medicine,2006-10-02,for their discovery of RNA interference - gene silencing by double-stranded RNA,10000000
57,2015,Economic Sciences,2015-10-12,"for his analysis of consumption, poverty, and welfare",8000000
58,1974,Physics,1974-10-15,"for their pioneering research in radio astrophysics: Ryle for his observations and inventions, in particular of the aperture synthesis technique, and Hewish for his decisive role in the discovery of pulsars",550000
59,1978,Peace,1978-10-27,for jointly having negotiated peace between Egypt and Israel in 1978,725000
60,1952,Chemistry,,for their invention of partition chromatography,171135
61,1922,Physiology or Medicine,,for his discovery relating to the production of heat in the muscle,122483
62,2013,Chemistry,2013-10-09,for the development of multiscale models for complex chemical systems,8000000
63,1926,Peace,1926-12-10,for their crucial role in bringing about the Locarno Treaty,116960
64,1948,Chemistry,,"for his research on electrophoresis and adsorption analysis, especially for his discoveries concerning the complex nature of the serum proteins",159773
65,1978,Physics,1978-10-17,for their discovery of cosmic microwave background radiation,725000
66,2018,Physics,2018-10-02,for the optical tweezers and their application to biological systems,9000000
67,2015,Physics,2015-10-06,"for the discovery of neutrino oscillations, which shows that neutrinos have mass",8000000
68,1927,Physics,,for his discovery of the effect named after him,126501
69,1929,Chemistry,,for their investigations on the fermentation of sugar and fermentative enzymes,172760
70,1934,Peace,1934-12-10,for his untiring struggle and his courageous efforts as Chairman of the League of Nations Disarmament Conference 1931-34,162608
71,1959,Physiology or Medicine,,for their discovery of the mechanisms in the biological synthesis of ribonucleic acid and deoxyribonucleic acid,220678
72,1981,Physics,1981-10-19,for their contribution to the development of laser spectroscopy,1000000
73,1945,Chemistry,,"for his research and inventions in agricultural and nutrition chemistry, especially for his fodder preservation method",121333
74,2000,Physiology or Medicine,2000-10-09,for their discoveries concerning signal transduction in the nervous system,9000000
75,1920,Physiology or Medicine,,for his discovery of the capillary motor regulating mechanism,134100
76,1909,Peace,1909-12-10,for their prominent position in the international movement for peace and arbitration,139800
77,1991,Peace,1991-10-14,for her non-violent struggle for democracy and human rights,6000000
78,2015,Chemistry,2015-10-07,for mechanistic studies of DNA repair,8000000
79,2009,Peace,2009-10-09,for his extraordinary efforts to strengthen international diplomacy and cooperation between peoples,10000000
80,1983,Physiology or Medicine,,for her discovery of mobile genetic elements,1500000
81,2017,Physics,2017-10-03,for decisive contributions to the LIGO detector and the observation of gravitational waves,9000000
82,2005,Physiology or Medicine,2005-10-03,for their discovery of the bacterium <i>Helicobacter pylori</i> and its role in gastritis and peptic ulcer disease,10000000
83,2001,Chemistry,2001-10-10,for his work on chirally catalysed oxidation reactions,10000000
84,1976,Physiology or Medicine,1976-10-14,for their discoveries concerning new mechanisms for the origin and dissemination of infectious diseases,681000
85,1980,Physiology or Medicine,1980-10-10,for their discoveries concerning genetically determined structures on the cell surface that regulate immunological reactions,880000
86,2016,Economic Sciences,2016-10-10,for their contributions to contract theory,8000000
87,1982,Physiology or Medicine,1982-10-11,for their discoveries concerning prostaglandins and related biologically active substances,1150000
88,2016,Chemistry,2016-10-05,for the design and synthesis of molecular machines,8000000
89,1947,Physiology or Medicine,,for his discovery of the part played by the hormone of the anterior pituitary lobe in the metabolism of sugar,146115
90,1991,Physiology or Medicine,,for their discoveries concerning the function of single ion channels in cells,6000000
91,1905,Peace,1905-12-10,for her audacity to oppose the horrors of war,138089
92,1977,Economic Sciences,1977-10-14,for their pathbreaking contribution to the theory of international trade and international capital movements,700000
93,1994,Physics,1994-10-12,for the development of neutron spectroscopy,7000000
94,1950,Literature,,in recognition of his varied and significant writings in which he champions humanitarian ideals and freedom of thought,164304
95,1976,Peace,1977-10-10,for the courageous efforts in founding a movement to put an end to the violent conflict in Northern Ireland,681000
96,1903,Literature,,"as a tribute to his noble, magnificent and versatile poetry, which has always been distinguished by both the freshness of its inspiration and the rare purity of its spirit",141358
97,2016,Literature,2016-10-13,for having created new poetic expressions within the great American song tradition,8000000
98,1958,Literature,,for his important achievement both in contemporary lyrical poetry and in the field of the great Russian epic tradition,214559
99,1973,Physics,1973-10-23,"for his theoretical predictions of the properties of a supercurrent through a tunnel barrier, in particular those phenomena which are generally known as the Josephson effects",510000
100,2012,Chemistry,2012-10-10,for studies of G-protein-coupled receptors,8000000
101,2011,Physiology or Medicine,,for their discoveries concerning the activation of innate immunity,10000000
102,1984,Chemistry,1984-10-17,for his development of methodology for chemical synthesis on a solid matrix,1650000
103,1976,Physics,1976-10-18,for their pioneering work in the discovery of a heavy elementary particle of a new kind,681000
104,1906,Physiology or Medicine,,in recognition of their work on the structure of the nervous system,138536
105,1989,Literature,,"for a rich and intensive prose, which with restrained compassion forms a challenging vision of man's vulnerability",3000000
106,1931,Chemistry,,in recognition of their contributions to the invention and development of chemical high pressure methods,173206
107,1936,Physics,,for his discovery of the positron,159850
108,1919,Literature,,"in special appreciation of his epic, <I>Olympian Spring</I>",133127
109,1935,Peace,1936-11-24,for his burning love for freedom of thought and expression and his valuable contribution to the cause of peace,159917
110,2001,Physics,2001-10-09,"for the achievement of Bose-Einstein condensation in dilute gases of alkali atoms, and for early fundamental studies of the properties of the condensates",10000000
111,1984,Physics,1984-10-17,"for their decisive contributions to the large project, which led to the discovery of the field particles W and Z, communicators of weak interaction",1650000
112,1996,Peace,1996-10-11,for their work towards a just and peaceful solution to the conflict in East Timor,7400000
113,1936,Peace,1936-11-24,"for his role as father of the Argentine Antiwar Pact of 1933, which he also used as a means to mediate peace between Paraguay and Bolivia in 1935",159850
114,2009,Physiology or Medicine,,for the discovery of how chromosomes are protected by telomeres and the enzyme telomerase,10000000
115,1950,Physics,,for his development of the photographic method of studying nuclear processes and his discoveries regarding mesons made with this method,164304
116,1984,Physiology or Medicine,,for theories concerning the specificity in development and control of the immune system and the discovery of the principle for production of monoclonal antibodies,1650000
117,1966,Physiology or Medicine,,for his discoveries concerning hormonal treatment of prostatic cancer,300000
118,1920,Physics,,in recognition of the service he has rendered to precision measurements in Physics by his discovery of anomalies in nickel steel alloys,134100
119,1925,Peace,1926-12-10,for his crucial role in bringing about the Dawes Plan,118165
120,1917,Physics,1918-11-12,for his discovery of the characteristic R&ouml;ntgen radiation of the elements,133823
121,1987,Chemistry,1987-10-14,for their development and use of molecules with structure-specific interactions of high selectivity,2175000
122,2009,Physics,2009-10-06,for groundbreaking achievements concerning the transmission of light in fibers for optical communication,10000000
123,2020,Physiology or Medicine,2020-10-05,for the discovery of Hepatitis C virus,10000000
124,1928,Physiology or Medicine,,for his work on typhus,156939
125,1913,Physiology or Medicine,,in recognition of his work on anaphylaxis,143010
126,1957,Physics,,for their penetrating investigation of the so-called parity laws which has led to important discoveries regarding the elementary particles,208629
127,1929,Physiology or Medicine,,for his discovery of the antineuritic vitamin,172760
128,1972,Chemistry,,"for his work on ribonuclease, especially concerning the connection between the amino acid sequence and the biologically active conformation",480000
129,1921,Peace,1921-12-10,for their lifelong contributions to the cause of peace and organized internationalism,121573
130,1995,Physiology or Medicine,1995-10-09,for their discoveries concerning the genetic control of early embryonic development,7200000
131,2010,Economic Sciences,2010-10-11,for their analysis of markets with search frictions,10000000
132,2011,Economic Sciences,2011-10-10,for their empirical research on cause and effect in the macroeconomy,10000000
133,1997,Physics,1997-10-15,for development of methods to cool and trap atoms with laser light,7500000
134,1985,Literature,,who in his novel combines the poet's and the painter's creativeness with a deepened awareness of time in the depiction of the human condition,1800000
135,1937,Physics,,for their experimental discovery of the diffraction of electrons by crystals,158463
136,2003,Economic Sciences,2003-10-08,for methods of analyzing economic time series with common trends (cointegration),10000000
137,1945,Peace,1945-11-12,for his indefatigable work for international understanding and his pivotal role in establishing the United Nations,121333
138,1938,Physiology or Medicine,,for the discovery of the role played by the sinus and aortic mechanisms in the regulation of respiration,155077
139,1980,Literature,,who with uncompromising clear-sightedness voices man's exposed condition in a world of severe conflicts,880000
140,1961,Peace,1961-10-23,"for developing the UN into an effective and constructive international organization, capable of giving life to the principles and aims expressed in the UN Charter",250233
141,2011,Chemistry,2011-10-05,for the discovery of quasicrystals,10000000
142,1957,Physiology or Medicine,,"for his discoveries relating to synthetic compounds that inhibit the action of certain body substances, and especially their action on the vascular system and the skeletal muscles",208629
143,1998,Physics,1998-10-13,for their discovery of a new form of quantum fluid with fractionally charged excitations,7600000
144,2002,Economic Sciences,2002-10-09,"for having integrated insights from psychological research into economic science, especially concerning human judgment and decision-making under uncertainty",10000000
145,2000,Economic Sciences,2000-10-11,for his development of theory and methods for analyzing discrete choice,9000000
146,1978,Physiology or Medicine,,for the discovery of restriction enzymes and their application to problems of molecular genetics,725000
147,1997,Literature,,who emulates the jesters of the Middle Ages in scourging authority and upholding the dignity of the downtrodden,7500000
148,1975,Physiology or Medicine,1975-10-16,for their discoveries concerning the interaction between tumour viruses and the genetic material of the cell,630000
149,1981,Physiology or Medicine,1981-10-09,for their discoveries concerning information processing in the visual system,1000000
150,2004,Physics,2004-10-05,for the discovery of asymptotic freedom in the theory of the strong interaction,10000000
151,2016,Physics,2016-10-04,for theoretical discoveries of topological phase transitions and topological phases of matter,8000000
152,2012,Physics,2012-10-09,for ground-breaking experimental methods that enable measuring and manipulation of individual quantum systems,8000000
153,1996,Physics,1996-10-09,for their discovery of superfluidity in helium-3,7400000
154,1998,Peace,1998-10-16,for their efforts to find a peaceful solution to the conflict in Northern Ireland,7600000
155,2018,Peace,2018-10-05,for their efforts to end the use of sexual violence as a weapon of war and armed conflict,9000000
156,1971,Physics,,for his invention and development of the holographic method,450000
157,1969,Chemistry,,for their contributions to the development of the concept of conformation and its application in chemistry,375000
158,1992,Literature,,"for a poetic oeuvre of great luminosity, sustained by a historical vision, the outcome of a multicultural commitment",6500000
159,1984,Peace,1984-10-05,for his role as a unifying leader figure in the non-violent campaign to resolve the problem of apartheid in  South Africa,1650000
160,2019,Physics,2019-10-08,for the discovery of an exoplanet orbiting a solar-type star,9000000
161,1960,Physics,1960-11-03,for the invention of the bubble chamber,225987
162,2007,Literature,2007-10-11,"that epicist of the female experience, who with scepticism, fire and visionary power has subjected a divided civilisation to scrutiny",10000000
163,1964,Chemistry,,for her determinations by X-ray techniques of the structures of important biochemical substances,273000
164,1993,Economic Sciences,1993-10-12,for having renewed research in economic history by applying economic theory and quantitative methods in order to explain economic and institutional change,6700000
165,1986,Chemistry,1986-10-15,for their contributions concerning the dynamics of chemical elementary processes,2000000
166,1990,Physiology or Medicine,,for their discoveries concerning organ and cell transplantation in the treatment of human disease,4000000
167,1952,Physics,,for their development of new methods for nuclear magnetic precision measurements and discoveries in connection therewith,171135
168,1971,Physiology or Medicine,,for his discoveries concerning the mechanisms of the action of hormones,450000
169,1932,Physiology or Medicine,,for their discoveries regarding the functions of neurons,171753
170,1992,Physiology or Medicine,,for their discoveries concerning reversible protein phosphorylation as a biological regulatory mechanism,6500000
171,2006,Economic Sciences,2006-10-09,for his analysis of intertemporal tradeoffs in macroeconomic policy,10000000
172,1907,Chemistry,,for his biochemical researches and his discovery of cell-free fermentation,138796
173,2014,Physiology or Medicine,,for their discoveries of cells that constitute a positioning system in the brain,8000000
174,1943,Physiology or Medicine,,for his discovery of the chemical nature of vitamin K,123691
175,1950,Physiology or Medicine,,"for their discoveries relating to the hormones of the adrenal cortex, their structure and biological effects",164304
176,2004,Economic Sciences,2004-10-11,for their contributions to dynamic macroeconomics: the time consistency of economic policy and the driving forces behind business cycles,10000000
177,1958,Physiology or Medicine,,for their discovery that genes act by regulating definite chemical events,214559
178,1947,Physics,,for his investigations of the physics of the upper atmosphere especially for the discovery of the so-called Appleton layer,146115
179,1951,Chemistry,,for their discoveries in the chemistry of the transuranium elements,167612
180,1949,Physiology or Medicine,,for his discovery of the therapeutic value of leucotomy in certain psychoses,156290
181,1974,Peace,1974-10-09,for his contribution to stabilize conditions in the Pacific rim area and for signing the Nuclear Non-Proliferation Treaty,550000
182,2004,Literature,2004-10-07,for her musical flow of voices and counter-voices in novels and plays that with extraordinary linguistic zeal reveal the absurdity of society's clich&eacute;s and their subjugating power,10000000
183,1981,Literature,,"for writings marked by a broad outlook, a wealth of ideas and artistic power",1000000
184,1990,Chemistry,1990-10-17,for his development of the theory and methodology of organic synthesis,4000000
185,1986,Peace,1986-10-14,"for being a messenger to mankind: his message is one of peace, atonement and dignity",2000000
186,1912,Peace,1913-12-10,for bringing about better understanding between the countries of North and South America and initiating important arbitration agreements between the United States and other countries,140476
187,2009,Economic Sciences,2009-10-12,"for her analysis of economic governance, especially the commons",10000000
188,2011,Peace,2011-10-07,for their non-violent struggle for the safety of women and for womens rights to full participation in peace-building work,10000000
189,1902,Chemistry,,in recognition of the extraordinary services he has rendered by his work on sugar and purine syntheses,141847
190,1901,Physiology or Medicine,,"for his work on serum therapy, especially its application against diphtheria, by which he has opened a new road in the domain of medical science and thereby placed in the hands of the physician a victorious weapon against illness and deaths",150782
191,1959,Physics,,for their discovery of the antiproton,220678
192,1946,Peace,1946-11-14,for her lifelong work for the cause of peace,121524
193,2020,Chemistry,2020-10-07,for the development of a method for genome editing,10000000
194,1938,Physics,,"for his demonstrations of the existence of new radioactive elements produced by neutron irradiation, and for his related discovery of nuclear reactions brought about by slow neutrons",155077
195,2014,Chemistry,2014-10-08,for the development of super-resolved fluorescence microscopy,8000000
196,2007,Economic Sciences,2007-10-15,for having laid the foundations of mechanism design theory,10000000
197,1931,Literature,,The poetry of Erik Axel Karlfeldt,173206
198,1954,Literature,,"for his mastery of the art of narrative, most recently demonstrated in <I>The Old Man and the Sea,</I> and for the influence that he has exerted on contemporary style",181647
199,1939,Physics,,"for the invention and development of the cyclotron and for results obtained with it, especially with regard to artificial radioactive elements",148822
200,1908,Chemistry,,"for his investigations into the disintegration of the elements, and the chemistry of radioactive substances",139800
201,1951,Physics,,for their pioneer work on the transmutation of atomic nuclei by artificially accelerated atomic particles,167612
202,1907,Peace,1907-12-10,"for his work in the press and in peace meetings, both public and private, for an understanding between France and Italy",138796
203,1945,Physiology or Medicine,,for the discovery of penicillin and its curative effect in various infectious diseases,121333
204,1973,Chemistry,1973-10-23,"for their pioneering work, performed independently, on the chemistry of the organometallic, so called sandwich compounds",510000
205,1986,Physics,1986-10-15,"for his fundamental work in electron optics, and for the design of the first electron microscope",2000000
206,1933,Physics,,for the discovery of new productive forms of atomic theory,170332
207,2013,Economic Sciences,2013-10-14,for their empirical analysis of asset prices,8000000
208,1936,Literature,,"for the power, honesty and deep-felt emotions of his dramatic works, which embody an original concept of tragedy",159850
209,1963,Physics,,"for his contributions to the theory of the atomic nucleus and the elementary particles, particularly through the discovery and application of fundamental symmetry principles",265000
210,1975,Literature,1975-10-23,"for his distinctive poetry which, with great artistic sensitivity, has interpreted human values under the sign of an outlook on life with no illusions",630000
211,2012,Peace,2012-10-12,"for over six decades contributed to the advancement of peace and reconciliation, democracy and human rights in Europe",8000000
212,1974,Literature,,"for a narrative art, far-seeing in lands and ages, in the service of freedom",550000
213,1995,Chemistry,1995-10-11,"for their work in atmospheric chemistry, particularly concerning the formation and decomposition of ozone",7200000
214,1993,Peace,1993-10-15,"for their work for the peaceful termination of the apartheid regime, and for laying the foundations for a new  democratic South Africa",6700000
215,1964,Physiology or Medicine,,for their discoveries concerning the mechanism and regulation of the cholesterol and fatty acid metabolism,273000
216,1909,Physics,,in recognition of their contributions to the development of wireless telegraphy,139800
217,1927,Peace,1927-12-10,for their contribution to the emergence in France and Germany of a public opinion which favours peaceful international cooperation,126501
218,1998,Physiology or Medicine,,for their discoveries concerning nitric oxide as a signalling molecule in the cardiovascular system,7600000
219,2018,Chemistry,2018-10-03,for the directed evolution of enzymes,9000000
220,1962,Physiology or Medicine,,for their discoveries concerning the molecular structure of nucleic acids and its significance for information transfer in living material,257220
221,1922,Chemistry,,"for his discovery, by means of his mass spectrograph, of isotopes, in a large number of non-radioactive elements, and for his enunciation of the whole-number rule",122483
222,1985,Economic Sciences,1985-10-15,for his pioneering analyses of saving and of financial markets,1800000
223,2013,Physics,2013-10-08,"for the theoretical discovery of a mechanism that contributes to our understanding of the origin of mass of subatomic particles, and which recently was confirmed through the discovery of the predicted fundamental particle, by the ATLAS and CMS experiments at CERN's Large Hadron Collider",8000000
224,1952,Literature,,for the deep spiritual insight and the artistic intensity with which he has in his novels penetrated the drama of human life,171135
225,2008,Physiology or Medicine,2008-10-06,for their discovery of human immunodeficiency virus,10000000
226,1929,Peace,1930-12-10,for his crucial role in bringing about the Briand-Kellogg Pact,172760
227,1939,Literature,,for his deep understanding of his country's peasantry and the exquisite art with which he has portrayed their way of life and their relationship with Nature,148822
228,1935,Chemistry,,in recognition of their synthesis of new radioactive elements,159917
229,1904,Literature,,"in recognition of the fresh originality and true inspiration of his poetic production, which faithfully reflects the natural scenery and native spirit of his people, and, in addition, his significant work as a Proven&ccedil;al philologist",140859
230,1901,Peace,1901-12-10,"for his lifelong work for international peace conferences, diplomacy and arbitration",150782
231,1954,Physiology or Medicine,,for their discovery of the ability of poliomyelitis viruses to grow in cultures of various types of tissue,181647
232,1923,Physiology or Medicine,,for the discovery of insulin,114935
233,1995,Physics,1995-10-11,for the detection of the neutrino,7200000
235,1980,Chemistry,1980-10-14,for their contributions concerning the determination of base sequences in nucleic acids,880000
235,1980,Chemistry,1980-10-14,for their contributions concerning the determination of base sequences in nucleic acids,880000
236,1921,Chemistry,,"for his contributions to our knowledge of the chemistry of radioactive substances, and his investigations into the origin and nature of isotopes",121573
237,1908,Peace,1908-12-10,"for their long time work for the cause of peace as politicians, peace society leaders, orators and authors",139800
238,1922,Peace,1922-12-10,"for his leading role in the repatriation of prisoners of war, in international relief work and as the League of Nations' High Commissioner for refugees",122483
239,1974,Economic Sciences,1974-10-09,"for their pioneering work in the theory of money and economic fluctuations and for their penetrating analysis of the interdependence of economic, social and institutional phenomena",550000
240,1953,Physics,,"for his demonstration of the phase contrast method, especially for his invention of the phase contrast microscope",175293
241,1918,Chemistry,,for the synthesis of ammonia from its elements,138198
242,1953,Physiology or Medicine,,for his discovery of co-enzyme A and its importance for intermediary metabolism,175293
243,1923,Chemistry,,for his invention of the method of micro-analysis of organic substances,114935
244,1982,Literature,,"for his novels and short stories, in which the fantastic and the realistic are combined in a richly composed world of imagination, reflecting a continent's life and conflicts",1150000
245,1908,Physics,,for his method of reproducing colours photographically based on the phenomenon of interference,139800
246,1945,Literature,,"for her lyric poetry which, inspired by powerful emotions, has made her name a symbol of the idealistic aspirations of the entire Latin American world",121333
247,2000,Literature,2000-10-12,"for an &aelig;uvre of universal validity, bitter insights and linguistic ingenuity, which has opened new paths for the Chinese novel and drama",9000000
248,1992,Economic Sciences,1992-10-13,"for having extended the domain of microeconomic analysis to a wide range of human behaviour and interaction, including nonmarket behaviour",6500000
249,1961,Physiology or Medicine,,for his discoveries of the physical mechanism of stimulation within the cochlea,250233
250,1979,Chemistry,1979-10-15,"for their development of the use of boron- and phosphorus-containing compounds, respectively, into important reagents in organic synthesis",800000
251,1994,Chemistry,1994-10-12,for his contribution to carbocation chemistry,7000000
252,1925,Literature,,"for his work which is marked by both idealism and humanity, its stimulating satire often being infused with a singular poetic beauty",118165
253,1953,Peace,1953-10-30,for proposing and supervising the plan for the economic recovery of Europe,175293
254,1943,Chemistry,,for his work on the use of isotopes as tracers in the study of chemical processes,123691
255,2006,Physics,2006-10-03,for their discovery of the blackbody form and anisotropy of the cosmic microwave background radiation,10000000
256,1988,Physiology or Medicine,,for their discoveries of important principles for drug treatment,2500000
257,1934,Physiology or Medicine,,for their discoveries concerning liver therapy in cases of anaemia,162608
258,1982,Economic Sciences,1982-10-20,"for his seminal studies of industrial structures, functioning of markets and causes and effects of public regulation",1150000
259,1967,Chemistry,,"for their studies of extremely fast chemical reactions, effected by disturbing the equilibrium by means of very short pulses of energy",320000
260,1967,Physiology or Medicine,,for their discoveries concerning the primary physiological and chemical visual processes in the eye,320000
261,1992,Physics,1992-10-14,"for his invention and development of particle detectors, in particular the multiwire proportional chamber",6500000
262,1958,Peace,1958-11-10,for his efforts to help refugees to leave their camps and return to a life of freedom and dignity,214559
263,1972,Physiology or Medicine,,for their discoveries concerning the chemical structure of antibodies,480000
264,1983,Economic Sciences,1983-10-17,for having incorporated new analytical methods into economic theory and for his rigorous reformulation of the theory of general equilibrium,1500000
265,1999,Physics,1999-10-12,for elucidating the quantum structure of electroweak interactions in physics,7900000
266,1939,Physiology or Medicine,,for the discovery of the antibacterial effects of prontosil,148822
267,2007,Chemistry,2007-10-10,for his studies of chemical processes on solid surfaces,10000000
268,1971,Chemistry,,"for his contributions to the knowledge of electronic structure and geometry of molecules, particularly free radicals",450000
269,1912,Literature,,"primarily in recognition of his fruitful, varied and outstanding production in the realm of dramatic art",140476
270,1963,Literature,,"for his eminent lyrical writing, inspired by a deep feeling for the Hellenic world of culture",265000
271,1906,Literature,,"not only in consideration of his deep learning and critical research, but above all as a tribute to the creative energy, freshness of style, and lyrical force which characterize his poetic masterpieces",138536
272,1963,Chemistry,,for their discoveries in the field of the chemistry and technology of high polymers,265000
273,2006,Peace,2006-10-13,for their efforts to create economic and social development from below,10000000
274,1926,Literature,,for her idealistically inspired writings which with plastic clarity picture the life on her native island and with depth and sympathy deal with human problems in general,116960
275,2019,Physiology or Medicine,2019-10-07,for their discoveries of how cells sense and adapt to oxygen availability,9000000
276,1999,Physiology or Medicine,1999-10-11,for the discovery that proteins have intrinsic signals that govern their transport and localization in the cell,7900000
277,1999,Literature,,whose frolicsome black fables portray the forgotten face of history,7900000
278,1912,Physics,,for his invention of automatic regulators for use in conjunction with gas accumulators for illuminating lighthouses and buoys,140476
279,1925,Physics,,for their discovery of the laws governing the impact of an electron upon an atom,118165
280,1968,Physiology or Medicine,,for their interpretation of the genetic code and its function in protein synthesis,350000
281,2002,Physiology or Medicine,2002-10-07,for their discoveries concerning genetic regulation of organ development and programmed cell death',10000000
282,1955,Literature,1955-10-27,for his vivid epic power which has renewed the great narrative art of Iceland,190214
283,1970,Physics,1970-10-27,for fundamental work and discoveries in magnetohydro-dynamics with fruitful applications in different parts of plasma physics,400000
284,1967,Physics,,"for his contributions to the theory of nuclear reactions, especially his discoveries concerning the energy production in stars",320000
285,1930,Chemistry,,for his researches into the constitution of haemin and chlorophyll and especially for his synthesis of haemin,172947
286,1989,Physics,1989-10-12,for the development of the ion trap technique,3000000
287,1935,Physiology or Medicine,,for his discovery of the organizer effect in embryonic development,159917
288,1934,Chemistry,,for his discovery of heavy hydrogen,162608
289,1989,Physiology or Medicine,1989-10-09,for their discovery of the cellular origin of retroviral oncogenes,3000000
290,2005,Literature,2005-10-13,who in his plays uncovers the precipice under everyday prattle and forces entry into oppression's closed rooms,10000000
291,1990,Economic Sciences,1990-10-16,for their pioneering work in the theory of financial economics,4000000
292,1988,Chemistry,1988-10-19,for the determination of the three-dimensional structure of a photosynthetic reaction centre,2500000
293,1913,Physics,,"for his investigations on the properties of matter at low temperatures which led, inter alia, to the production of liquid helium",143010
294,1972,Literature,,for his writing which through its combination of a broad perspective on his time and a sensitive skill in characterization has contributed to a renewal of German literature,480000
295,1927,Chemistry,,for his investigations of the constitution of the bile acids and related substances,126501
296,1902,Physics,,in recognition of the extraordinary service they rendered by their researches into the influence of magnetism upon radiation phenomena,141847
297,1903,Physics,,in recognition of the extraordinary services he has rendered by his discovery of spontaneous radioactivity,141358
298,1927,Literature,,in recognition of his rich and vitalizing ideas and the brilliant skill with which they have been presented,126501
299,1913,Peace,1913-12-10,for his unparalleled contribution to the organization of peaceful internationalism,143010
300,1906,Chemistry,,"in recognition of the great services rendered by him in his investigation and isolation of the element fluorine, and for the adoption in the service of science of the electric furnace called after him",138536
301,1917,Literature,1917-11-08,for his authentic descriptions of present-day life in Denmark,133823
302,1973,Peace,1973-10-17,for jointly having negotiated a cease fire in Vietnam in 1973,510000
303,1983,Chemistry,1983-10-19,"for his work on the mechanisms of electron transfer reactions, especially in metal complexes",1500000
304,1990,Physics,1990-10-17,"for their pioneering investigations concerning deep inelastic scattering of electrons on protons and bound neutrons, which have been of essential importance for the development of the quark model in particle physics",4000000
305,1905,Literature,,because of his outstanding merits as an epic writer,138089
306,1985,Chemistry,1985-10-15,for their outstanding achievements in the development of direct methods for the determination of crystal structures,1800000
307,2000,Physics,2000-10-10,for developing semiconductor heterostructures used in high-speed- and opto-electronics,9000000
308,1944,Physiology or Medicine,,for their discoveries relating to the highly differentiated functions of single nerve fibres,121841
309,1978,Economic Sciences,1978-10-16,for his pioneering research into the decision-making process within economic organizations,725000
310,1946,Literature,,"for his inspired writings which, while growing in boldness and penetration, exemplify the classical humanitarian ideals and high qualities of style",121524
311,1946,Physiology or Medicine,,for the discovery of the production of mutations by means of X-ray irradiation,121524
312,1953,Chemistry,,for his discoveries in the field of macromolecular chemistry,175293
313,2009,Literature,2009-10-08,"who, with the concentration of poetry and the frankness of prose, depicts the landscape of the dispossessed",10000000
314,1949,Physics,,for his prediction of the existence of mesons on the basis of theoretical work on nuclear forces,156290
315,2014,Physics,2014-10-07,for the invention of efficient blue light-emitting diodes which has enabled bright and energy-saving white light sources,8000000
316,1955,Physiology or Medicine,1955-10-20,for his discoveries concerning the nature and mode of action of oxidation enzymes,190214
317,1958,Physics,,for the discovery and the interpretation of the Cherenkov effect,214559
318,1908,Physiology or Medicine,,in recognition of their work on immunity,139800
319,1977,Chemistry,1977-10-11,"for his contributions to non-equilibrium thermodynamics, particularly the theory of dissipative structures",700000
320,2002,Literature,2002-10-10,for writing that upholds the fragile experience of the individual against the barbaric arbitrariness of history,10000000
321,1904,Peace,1904-12-10,for its striving in public law to develop peaceful ties between nations and to make the laws of war more humane,140859
322,2005,Peace,2005-10-07,for their efforts to prevent nuclear energy from being used for military purposes and to ensure that nuclear energy for peaceful purposes is used in the safest possible way,10000000
323,2017,Peace,2017-10-06,for its work to draw attention to the catastrophic humanitarian consequences of any use of nuclear weapons and for its ground-breaking efforts to achieve a treaty-based prohibition of such weapons,9000000
324,1997,Peace,1997-10-10,for their efforts to ban and remove anti-personnel landmines,7500000
327,1963,Peace,1963-10-10,for promoting the principles of the Geneva Convention and cooperation with the UN,265000
327,1963,Peace,1963-10-10,for promoting the principles of the Geneva Convention and cooperation with the UN,265000
327,1963,Peace,1963-10-10,for promoting the principles of the Geneva Convention and cooperation with the UN,265000
328,1969,Peace,1969-10-20,for creating international legislation insuring certain norms for working conditions in every country,375000
329,1985,Peace,1985-10-05,for spreading authoritative information and by creating awareness of the catastrophic consequences of  nuclear  war,1800000
330,1932,Chemistry,,for his discoveries and investigations in surface chemistry,171753
331,1978,Literature,,"for his impassioned narrative art which, with roots in a Polish-Jewish cultural tradition, brings universal human conditions to life",725000
332,1944,Physics,,for his resonance method for recording the magnetic properties of atomic nuclei,121841
333,1933,Literature,,for the strict artistry with which he has carried on the classical Russian traditions in prose writing,170332
334,1904,Physiology or Medicine,,"in recognition of his work on the physiology of digestion, through which knowledge on vital aspects of the subject has been transformed and enlarged",140859
335,1961,Literature,,for the epic force with which he has traced themes and depicted human destinies drawn from the history of his country,250233
336,1987,Physics,1987-10-14,for their important break-through in the discovery of superconductivity in ceramic materials,2175000
337,2003,Literature,2003-10-02,who in innumerable guises portrays the surprising involvement of the outsider,10000000
338,1906,Physics,,in recognition of the great merits of his theoretical and experimental investigations on the conduction of electricity by gases,138536
339,1922,Literature,,for the happy manner in which he has continued the illustrious traditions of the Spanish drama,122483
340,1988,Physics,1988-10-19,for the neutrino beam method and the demonstration of the doublet structure of the leptons through the discovery of the muon neutrino,2500000
341,1901,Chemistry,,in recognition of the extraordinary services he has rendered by the discovery of the laws of chemical dynamics and osmotic pressure in solutions,150782
342,2017,Chemistry,2017-10-04,for developing cryo-electron microscopy for the high-resolution structure determination of biomolecules in solution,9000000
343,1996,Economic Sciences,1996-10-08,for their fundamental contributions to the economic theory of incentives under asymmetric information,7400000
344,1946,Chemistry,,for his discovery that enzymes can be crystallized,121524
345,1935,Physics,,for the discovery of the neutron,159917
346,1980,Physics,1980-10-12,for the discovery of violations of fundamental symmetry principles in the decay of neutral K-mesons,880000
347,2013,Physiology or Medicine,,"for their discoveries of machinery regulating vesicle traffic, a major transport system in our cells",8000000
348,1986,Economic Sciences,1986-10-16,for his development of the contractual and constitutional bases for the theory of economic and political decision-making,2000000
349,2018,Physiology or Medicine,,for their discovery of cancer therapy by inhibition of negative immune regulation,9000000
350,1981,Economic Sciences,1981-10-13,"for his analysis of financial markets and their relations to expenditure decisions, employment, production and prices",1000000
351,1969,Economic Sciences,,for having developed and applied dynamic models for the analysis of economic processes,375000
352,1931,Peace,1931-12-10,for their assiduous effort to revive the ideal of peace and to rekindle the spirit of peace in their own nation and in the whole of mankind,173206
353,1959,Chemistry,,for his discovery and development of the polarographic methods of analysis,220678
354,1984,Literature,,"for his poetry which endowed with freshness, sensuality and rich inventiveness provides a liberating image of the indomitable spirit and versatility of man",1650000
355,1926,Physics,,"for his work on the discontinuous structure of matter, and especially for his discovery of sedimentation equilibrium",116960
356,2014,Economic Sciences,2014-10-13,for his analysis of market power and regulation,8000000
357,2008,Literature,2008-10-09,"author of new departures, poetic adventure and sensual ecstasy, explorer of a humanity beyond and below the reigning civilization",10000000
358,1964,Literature,,"for his work which, rich in ideas and filled with the spirit of freedom and the quest for truth, has exerted a far-reaching influence on our age",273000
359,2017,Physiology or Medicine,,for their discoveries of molecular mechanisms controlling the circadian rhythm,9000000
360,1997,Chemistry,1997-10-15,"for the first discovery of an ion-transporting enzyme, Na+, K+ -ATPase",7500000
361,2002,Peace,2002-10-11,"for his decades of untiring effort to find peaceful solutions to international conflicts, to advance democracy and human rights, and to promote economic and social development",10000000
362,1910,Physics,,for his work on the equation of state for gases and liquids,140703
363,1926,Physiology or Medicine,,for his discovery of the Spiroptera carcinoma,116960
364,1919,Physics,,for his discovery of the Doppler effect in canal rays and the splitting of spectral lines in electric fields,133127
365,1944,Literature,,"for the rare strength and fertility of his poetic imagination with which is combined an intellectual curiosity of wide scope and a bold, freshly creative style",121841
366,2002,Chemistry,2002-10-09,for their development of soft desorption ionisation methods for mass spectrometric analyses of biological macromolecules,10000000
368,1972,Physics,,"for their jointly developed theory of superconductivity, usually called the BCS-theory",480000
368,1972,Physics,,"for their jointly developed theory of superconductivity, usually called the BCS-theory",480000
369,1994,Economic Sciences,1994-10-11,for their pioneering analysis of equilibria in the theory of non-cooperative games,7000000
370,1962,Chemistry,,for their studies of the structures of globular proteins,257220
371,1975,Chemistry,1975-10-17,for his work on the stereochemistry of enzyme-catalyzed reactions,630000
372,1932,Literature,,for his distinguished art of narration which takes its highest form in <I>The Forsyte Saga</I>,171753
373,1977,Physics,1977-10-11,for their fundamental theoretical investigations of the electronic structure of magnetic and disordered systems,700000
374,2005,Physics,2005-10-04,"for their contributions to the development of laser-based precision spectroscopy, including the optical frequency comb technique",10000000
375,1998,Chemistry,1998-10-13,for his development of computational methods in quantum chemistry,7600000
376,1972,Economic Sciences,1972-10-25,for their pioneering contributions to general economic equilibrium theory and welfare theory,480000
377,1962,Literature,,"for his realistic and imaginative writings, combining as they do sympathetic humour and keen social perception",257220
378,1998,Literature,,"who with parables sustained by imagination, compassion and irony continually enables us once again to apprehend an elusory reality",7600000
379,1987,Literature,,"for an all-embracing authorship, imbued with clarity of thought and poetic intensity",2175000
380,1993,Physics,1993-10-13,"for the discovery of a new type of pulsar, a discovery that has opened up new possibilities for the study of gravitation",6700000
381,1985,Physiology or Medicine,,for their discoveries concerning the regulation of cholesterol metabolism,1800000
382,1995,Peace,1995-10-13,"for their efforts to diminish the part played by nuclear arms in international politics and, in the longer run, to eliminate such arms",7200000
383,2016,Peace,2016-10-07,for his resolute efforts to bring the country's more than 50-year-long civil war to an end,8000000
384,1956,Literature,,"for his lyrical poetry, which in Spanish language constitutes an example of high spirit and artistical purity",200123
385,1919,Physiology or Medicine,,for his discoveries relating to immunity,133127
386,1965,Physics,,"for their fundamental work in quantum electrodynamics, with deep-ploughing consequences for the physics of elementary particles",282000
387,1970,Physiology or Medicine,1970-10-15,"for their discoveries concerning the humoral transmitters in the nerve terminals and the mechanism for their storage, release and inactivation",400000
388,1927,Physiology or Medicine,,for his discovery of the therapeutic value of malaria inoculation in the treatment of dementia paralytica,126501
389,2014,Peace,2014-10-10,for their struggle against the suppression of children and young people and for the right of all children to education,8000000
390,1930,Physiology or Medicine,,for his discovery of human blood groups,172947
391,1973,Physiology or Medicine,,for their discoveries concerning organization and elicitation of individual and social behaviour patterns,510000
392,1993,Chemistry,1993-10-13,for his invention of the polymerase chain reaction (PCR) method,6700000
393,2017,Literature,2017-10-05,"who, in novels of great emotional force, has uncovered the abyss beneath our illusory sense of connection with the world",9000000
394,1981,Chemistry,1981-10-19,"for their theories, developed independently, concerning the course of chemical reactions",1000000
395,1982,Physics,1982-10-18,for his theory for critical phenomena in connection with phase transitions,1150000
396,1994,Literature,,"who with poetic force creates an imagined world, where life and myth condense to form a disconcerting picture of the human predicament today",7000000
397,2000,Peace,2000-10-13,"for his work for democracy and human rights in South Korea and in East Asia in general, and for peace and reconciliation with North Korea in particular",9000000
398,1985,Physics,1985-10-16,for the discovery of the quantized Hall effect,1800000
399,1920,Literature,,"for his monumental work, <I>Growth of the Soil</I>",134100
400,2001,Peace,2001-10-12,for their work for a better organized and more peaceful world,10000000
401,1950,Chemistry,,for their discovery and development of the diene synthesis,164304
402,1968,Chemistry,,"for the discovery of the reciprocal relations bearing his name, which are fundamental for the thermodynamics of irreversible processes",350000
403,1915,Physics,1915-11-12,for their services in the analysis of crystal structure by means of X-rays,149223
404,1980,Economic Sciences,1980-10-15,for the creation of econometric models and the application to the analysis of economic fluctuations and economic policies,880000
405,1983,Peace,1983-10-05,for non-violent struggle for free trade unions and human rights in Poland,1500000
406,2001,Physiology or Medicine,2001-10-08,for their discoveries of key regulators of the cell cycle,10000000
407,1920,Peace,1920-12-10,for his longstanding contribution to the cause of peace and justice and his prominent role in the establishment of the League of Nations,134100
408,1951,Peace,,for having devoted his life to the fight against war through the promotion of social justice and brotherhood among men and nations,167612
409,1975,Economic Sciences,1975-10-14,for their contributions to the theory of optimum allocation of resources,630000
410,1957,Peace,1957-10-03,for his crucial contribution to the deployment of a United Nations Emergency Force in the wake of the Suez Crisis,208629
411,1962,Physics,,"for his pioneering theories for condensed matter, especially liquid helium",257220
412,2004,Physiology or Medicine,2004-10-04,for their discoveries of odorant receptors and the organization of the olfactory system,10000000
414,1954,Chemistry,1963-10-10,for his research into the nature of the chemical bond and its application to the elucidation of the structure of complex substances,181647
414,1954,Chemistry,1963-10-10,for his research into the nature of the chemical bond and its application to the elucidation of the structure of complex substances,181647
415,2010,Peace,2010-10-08,for his long and non-violent struggle for fundamental human rights in China,10000000
416,1949,Peace,1949-10-12,"for his lifelong effort to conquer hunger and want, thereby helping to remove a major cause of military conflict and war",156290
417,1904,Physics,,for his investigations of the densities of the most important gases and for his discovery of argon in connection with these studies,140859
418,1957,Chemistry,,for his work on nucleotides and nucleotide co-enzymes,208629
419,1929,Physics,,for his discovery of the wave nature of electrons,172760
420,2020,Literature,2020-10-08,for her unmistakable poetic voice that with austere beauty makes individual existence universal,10000000
421,1934,Literature,,for his bold and ingenious revival of dramatic and scenic art,162608
422,1968,Physics,,"for his decisive contributions to elementary particle physics, in particular the discovery of a large number of resonance states, made possible through his development of the technique of using hydrogen bubble chamber and data analysis",350000
423,1970,Chemistry,1970-10-27,for his discovery of sugar nucleotides and their role in the biosynthesis of carbohydrates,400000
424,2008,Physics,2008-10-07,for the discovery of the origin of the broken symmetry which predicts the existence of at least three families of quarks in nature,10000000
425,1924,Physics,,for his discoveries and research in the field of X-ray spectroscopy,116719
427,1911,Chemistry,,"in recognition of her services to the advancement of chemistry by the discovery of the elements radium and polonium, by the isolation of radium and the study of the nature and compounds of this remarkable element",140695
427,1911,Chemistry,,"in recognition of her services to the advancement of chemistry by the discovery of the elements radium and polonium, by the isolation of radium and the study of the nature and compounds of this remarkable element",140695
428,2007,Physiology or Medicine,2007-10-08,for their discoveries of principles for introducing specific gene modifications in mice by the use of embryonic stem cells,10000000
429,2010,Literature,2010-10-07,"for his cartography of structures of power and his trenchant images of the individual's resistance, revolt, and defeat",10000000
430,2008,Chemistry,2008-10-08,"for the discovery and development of the green fluorescent protein, GFP",10000000
431,1964,Peace,1964-10-14,for his non-violent struggle for civil rights for the Afro-American population,273000
432,2008,Peace,2008-10-10,"for his important efforts, on several continents and over more than three decades, to resolve international conflicts",10000000
433,2002,Physics,2002-10-08,"for pioneering contributions to astrophysics, in particular for the detection of cosmic neutrinos",10000000
434,1988,Economic Sciences,1988-10-18,for his pioneering contributions to the theory of markets and efficient utilization of resources,2500000
435,1911,Literature,,"in appreciation of his many-sided literary activities, and especially of his dramatic works, which are distinguished by a wealth of imagination and by a poetic fancy, which reveals, sometimes in the guise of a fairy tale, a deep inspiration, while in a mysterious way they appeal to the readers' own feelings and stimulate their imaginations",140695
436,1954,Physics,,"for his fundamental research in quantum mechanics, especially for his statistical interpretation of the wavefunction",181647
437,1918,Physics,,in recognition of the services he rendered to the advancement of Physics by his discovery of energy quanta,138198
438,1951,Physiology or Medicine,,for his discoveries concerning yellow fever and how to combat it,167612
439,1914,Physics,1915-11-11,for his discovery of the diffraction of X-rays by crystals,146900
440,1999,Peace,1999-10-15,in recognition of the organisation's pioneering humanitarian work on several continents,7900000
441,1961,Chemistry,,for his research on the carbon dioxide assimilation in plants,250233
442,1967,Literature,,"for his vivid literary achievement, deep-rooted in the national traits and traditions of Indian peoples of Latin America",320000
443,1990,Peace,1990-10-15,for the leading role he played in the radical changes in East-West relations,4000000
444,1965,Literature,,"for the artistic power and integrity with which, in his epic of the Don, he has given expression to a historic phase in the life of the Russian people",282000
445,1976,Economic Sciences,1976-10-14,"for his achievements in the fields of consumption analysis, monetary history and theory and for his demonstration of the complexity of stabilization policy",681000
446,2012,Literature,2012-10-11,"who with hallucinatory realism merges folk tales, history and the contemporary",8000000
447,1979,Peace,1979-10-27,for her work for bringing help to suffering humanity,800000
448,1969,Physics,,for his contributions and discoveries concerning the classification of elementary particles and their interactions,375000
449,1997,Economic Sciences,1997-10-14,for a new method to determine the value of derivatives,7500000
450,1991,Literature,,who through her magnificent epic writing has - in the words of Alfred Nobel - been of very great benefit to humanity,6000000
451,1988,Literature,,"who, through works rich in nuance - now clear-sightedly realistic, now evocatively ambiguous - has formed an Arabian narrative art that applies to all mankind",2500000
452,1938,Peace,1938-11-17,for having carried on the work of Fridtjof Nansen to the benefit of refugees across Europe,155077
453,1930,Peace,1930-12-10,for promoting Christian unity and helping create 'that new attitude of mind which is necessary if peace between nations is to become reality',172947
454,2015,Peace,2015-10-09,for its decisive contribution to the building of a pluralistic democracy in Tunisia in the wake of the Jasmine Revolution of 2011,8000000
455,1966,Literature,,"for her outstanding lyrical and dramatic writing, which interprets Israel's destiny with touching strength ",300000
456,1922,Physics,,for his services in the investigation of the structure of atoms and of the radiation emanating from them,122483
457,1903,Physiology or Medicine,,"in recognition of his contribution to the treatment of diseases, especially lupus vulgaris, with concentrated light radiation, whereby he has opened a new avenue for medical science",141358
458,1956,Chemistry,,for their researches into the mechanism of chemical reactions,200123
459,1970,Peace,1970-10-21,for having given a well-founded hope - the green revolution,400000
460,1937,Chemistry,,for his investigations on carbohydrates and vitamin C,158463
461,1990,Literature,,"for impassioned writing with wide horizons, characterized by sensuous intelligence and humanistic integrity",4000000
462,1979,Literature,,"for his poetry, which, against the background of Greek tradition, depicts with sensuous strength and intellectual clear-sightedness modern man's struggle for freedom and creativeness",800000
464,1981,Peace,1981-10-14,for promoting the fundamental rights of refugees,1000000
464,1981,Peace,1981-10-14,for promoting the fundamental rights of refugees,1000000
465,2018,Literature,2019-10-10,for a narrative imagination that with encyclopedic passion represents the crossing of boundaries as a form of life,9000000
466,2013,Peace,2013-10-11,for its extensive efforts to eliminate chemical weapons,8000000
467,2006,Literature,2006-10-12,who in the quest for the melancholic soul of his native city has discovered new symbols for the clash and interlacing of cultures,10000000
468,1987,Peace,1987-10-13,for his work for lasting peace in Central America,2175000
469,1944,Chemistry,,for his discovery of the fission of heavy nuclei,121841
470,1936,Physiology or Medicine,,for their discoveries relating to chemical transmission of nerve impulses,159850
471,1943,Physics,,for his contribution to the development of the molecular ray method and his discovery of the magnetic moment of the proton,123691
472,1910,Chemistry,,in recognition of his services to organic chemistry and the chemical industry by his pioneer work in the field of alicyclic compounds,140703
473,1931,Physiology or Medicine,,for his discovery of the nature and mode of action of the respiratory enzyme,173206
474,1928,Physics,,for his work on the thermionic phenomenon and especially for the discovery of the law named after him,156939
475,1971,Literature,,for a poetry that with the action of an elemental force brings alive a continent's destiny and dreams,450000
476,1951,Literature,,for the artistic vigour and true independence of mind with which he endeavours in his poetry to find answers to the eternal questions confronting mankind,167612
477,1948,Physics,,"for his development of the Wilson cloud chamber method, and his discoveries therewith in the fields of nuclear physics and cosmic radiation",159773
478,2014,Literature,2014-10-09,for the art of memory with which he has evoked the most ungraspable human destinies and uncovered the life-world of the occupation,8000000
479,1973,Literature,,for an epic and psychological narrative art which has introduced a new continent into literature,510000
480,1970,Economic Sciences,1970-10-26,for the scientific work through which he has developed static and dynamic economic theory and actively contributed to raising the level of analysis in economic science,400000
481,2003,Physiology or Medicine,2003-10-06,for their discoveries concerning magnetic resonance imaging,10000000
482,1910,Literature,,"as a tribute to the consummate artistry, permeated with idealism, which he has demonstrated during his long productive career as a lyric poet, dramatist, novelist and writer of world-renowned short stories",140703
483,1974,Chemistry,1974-10-15,"for his fundamental achievements, both theoretical and experimental, in the physical chemistry of the macromolecules",550000
484,2008,Economic Sciences,2008-10-13,for his analysis of trade patterns and location of economic activity,10000000
485,2018,Economic Sciences,,for integrating technological innovations into long-run macroeconomic analysis,9000000
486,1948,Physiology or Medicine,,for his discovery of the high efficiency of DDT as a contact poison against several arthropods,159773
487,2020,Economic Sciences,2020-10-12,for improvements to auction theory and inventions of new auction formats,10000000
488,1912,Chemistry,,for his method of hydrogenating organic compounds in the presence of finely disintegrated metals whereby the progress of organic chemistry has been greatly advanced in recent years,140476
489,1938,Literature,,for her rich and truly epic descriptions of peasant life in China and for her biographical masterpieces,155077
490,1946,Physics,,"for the invention of an apparatus to produce extremely high pressures, and for the discoveries he made therewith in the field of high pressure physics",121524
491,1910,Peace,1910-12-10,"for acting as a link between the peace societies of the various countries, and helping them to organize the world rallies of the international peace movement",140703
492,2003,Chemistry,2003-10-08,for the discovery of water channels,10000000
493,1996,Physiology or Medicine,1996-10-07,for their discoveries concerning the specificity of the cell mediated immune defence,7400000
494,1936,Chemistry,,for his contributions to our knowledge of molecular structure through his investigations on dipole moments and on the diffraction of X-rays and electrons in gases,159850
495,2019,Literature,2019-10-10,for an influential work that with linguistic ingenuity has explored the periphery and the specificity of human experience,9000000
496,1960,Physiology or Medicine,1960-10-20,for discovery of acquired immunological tolerance,225987
497,1978,Chemistry,1978-10-17,for his contribution to the understanding of biological energy transfer through the formulation of the chemiosmotic theory,725000
498,1959,Peace,1959-11-05,for his longstanding contribution to the cause of disarmament and peace,220678
499,1905,Physics,,for his work on cathode rays,138089
500,1993,Physiology or Medicine,1993-10-11,for their discoveries of split genes,6700000
501,1991,Physics,1991-10-16,"for discovering that methods developed for studying order phenomena in simple systems can be generalized to more complex forms of matter, in particular to liquid crystals and polymers",6000000
502,1955,Physics,1955-11-02,for his precision determination of the magnetic moment of the electron,190214
503,1913,Literature,,"because of his profoundly sensitive, fresh and beautiful verse, by which, with consummate skill, he has made his poetic thought, expressed in his own English words, a part of the literature of the West",143010
504,1950,Peace,1950-09-22,for his work as mediator in Palestine in 1948-1949,164304
505,1903,Peace,1903-12-10,for his longstanding and devoted effort in favour of the ideas of peace and arbitration,141358
506,1968,Peace,1968-10-09,for his struggle to ensure the rights of man as stipulated in the UN Declaration,350000
507,1996,Chemistry,1996-10-09,for their discovery of fullerenes,7400000
508,2017,Economic Sciences,2017-10-09,for his contributions to behavioural economics,9000000
509,1938,Chemistry,,for his work on carotenoids and vitamins,155077
510,1991,Chemistry,,for his contributions to the development of the methodology of high resolution nuclear magnetic resonance (NMR) spectroscopy,6000000
511,2005,Chemistry,2005-10-05,for the development of the metathesis method in organic synthesis,10000000
512,1984,Economic Sciences,1984-10-18,for having made fundamental contributions to the development of systems of national accounts and hence greatly improved the basis for empirical economic analysis,1650000
513,1915,Chemistry,1915-11-11,"for his researches on plant pigments, especially chlorophyll",149223
514,1925,Chemistry,,"for his demonstration of the heterogenous nature of colloid solutions and for the methods he used, which have since become fundamental in modern colloid chemistry",118165
515,1992,Peace,1992-10-16,for her struggle for social justice and ethno-cultural reconciliation based on respect for the rights of indigenous peoples,6500000
516,1986,Physiology or Medicine,,for their discoveries of growth factors,2000000
517,1923,Physics,,for his work on the elementary charge of electricity and on the photoelectric effect,114935
518,1965,Chemistry,,for his outstanding achievements in the art of organic synthesis,282000
519,1914,Physiology or Medicine,1915-10-29,for his work on the physiology and pathology of the vestibular apparatus,146900
520,1937,Peace,1937-11-18,"for his tireless effort in support of the League of Nations, disarmament and peace",158463
521,1995,Economic Sciences,1995-10-10,"for having developed and applied the hypothesis of rational expectations, and thereby having transformed macroeconomic analysis and deepened our understanding of economic policy",7200000
522,2010,Physiology or Medicine,,for the development of in vitro fertilization,10000000
523,1961,Physics,,for his pioneering studies of electron scattering in atomic nuclei and for his thereby achieved discoveries concerning the structure of the nucleons,250233
524,2005,Economic Sciences,2005-10-10,for having enhanced our understanding of conflict and cooperation through game-theory analysis,10000000
525,1905,Physiology or Medicine,,for his investigations and discoveries in relation to tuberculosis,138089
526,1987,Economic Sciences,1987-10-21,for his contributions to the theory of economic growth,2175000
527,1999,Economic Sciences,1999-10-13,for his analysis of monetary and fiscal policy under different exchange rate regimes and his analysis of optimum currency areas,7900000
528,1966,Chemistry,,for his fundamental work concerning chemical bonds and the electronic structure of molecules by the molecular orbital method,300000
529,2006,Chemistry,2006-10-04,for his studies of the molecular basis of eukaryotic transcription,10000000
530,1937,Literature,,for the artistic power and truth with which he has depicted human conflict as well as some fundamental aspects of contemporary life in his novel-cycle <I>Les Thibault</I>,158463
531,1915,Literature,1916-11-09,as a tribute to the lofty idealism of his literary production and to the sympathy and love of truth with which he has described different types of human beings,149223
532,1991,Economic Sciences,1991-10-15,for his discovery and clarification of the significance of transaction costs and property rights for the institutional structure and functioning of the economy,6000000
533,1902,Physiology or Medicine,,"for his work on malaria, by which he has shown how it enters the organism and thereby has laid the foundation for successful research on this disease and methods of combating it",141847
534,1908,Literature,,"in recognition of his earnest search for truth, his penetrating power of thought, his wide range of vision, and the warmth and strength in presentation with which in his numerous works he has vindicated and developed an idealistic philosophy of life",139800
535,1992,Chemistry,1992-10-12,for his contributions to the theory of electron transfer reactions in chemical systems,6500000
536,1907,Literature,,"in consideration of the power of observation, originality of imagination, virility of ideas and remarkable talent for narration which characterize the creations of this world-famous author",138796
537,1960,Literature,1960-10-26,for the soaring flight and the evocative imagery of his poetry which in a visionary fashion reflects the conditions of our time,225987
538,1959,Literature,,"for his lyrical poetry, which with classical fire expresses the tragic experience of life in our own times",220678
539,1969,Literature,,"for his writing, which - in new forms for the novel and drama - in the destitution of modern man acquires its elevation",375000
540,2015,Physiology or Medicine,,for their discoveries concerning a novel therapy against infections caused by roundworm parasites,8000000
541,1976,Literature,,for the human understanding and subtle analysis of contemporary culture that are combined in his work,681000
542,1995,Literature,,"for works of lyrical beauty and ethical depth, which exalt everyday miracles and the living past",7200000
543,1909,Literature,,"in appreciation of the lofty idealism, vivid imagination and spiritual perception that characterize her writings",139800
544,1952,Physiology or Medicine,,"for his discovery of streptomycin, the first antibiotic effective against tuberculosis",171135
545,1994,Peace,1994-10-14,for their efforts to create peace in the Middle East,7000000
546,2012,Physiology or Medicine,,for the discovery that mature cells can be reprogrammed to become pluripotent,8000000
547,2003,Peace,2003-10-10,for her efforts for democracy and human rights. She has focused especially on the struggle for the rights of women and children,10000000
548,1989,Chemistry,1989-10-12,for their discovery of catalytic properties of RNA,3000000
549,1928,Literature,,principally for her powerful descriptions of Northern life during the Middle Ages,156939
550,1971,Economic Sciences,,for his empirically founded interpretation of economic growth which has led to new and deepened insight into the economic and social structure and process of development,450000
551,1930,Literature,,"for his vigorous and graphic art of description and his ability to create, with wit and humour, new types of characters",172947
552,1979,Economic Sciences,1979-10-16,for their pioneering research into economic development research with particular consideration of the problems of developing countries,800000
553,1930,Physics,,for his work on the scattering of light and for the discovery of the effect named after him,172947
554,1933,Peace,1934-12-10,for having exposed by his pen the illusion of war and presented a convincing plea for international cooperation and peace,170332
555,1947,Chemistry,,"for his investigations on plant products of biological importance, especially the alkaloids",146115
556,1904,Chemistry,,"in recognition of his services in the discovery of the inert gaseous elements in air, and his determination of their place in the periodic system",140859
557,1997,Physiology or Medicine,1997-10-06,for his discovery of Prions - a new biological principle of infection,7500000
558,1983,Physics,1983-10-19,for his theoretical studies of the physical processes of importance to the structure and evolution of the stars,1500000
559,1901,Literature,,"in special recognition of his poetic composition, which gives evidence of lofty idealism, artistic perfection and a rare combination of the qualities of both heart and intellect",150782
560,1987,Physiology or Medicine,,for his discovery of the genetic principle for generation of antibody diversity,2175000
561,1903,Chemistry,,in recognition of the extraordinary services he has rendered to the advancement of chemistry by his electrolytic theory of dissociation,141358
562,2015,Literature,2015-10-08,"for her polyphonic writings, a monument to suffering and courage in our time",8000000
563,1948,Literature,,"for his outstanding, pioneer contribution to present-day poetry",159773
564,1989,Peace,1989-10-05,for advocating peaceful solutions based upon tolerance and mutual respect in order to preserve the historical and cultural heritage of his people,3000000
565,1926,Chemistry,,for his work on disperse systems,116960
566,1909,Physiology or Medicine,,"for his work on the physiology, pathology and surgery of the thyroid gland",139800
567,1902,Literature,,"the greatest living master of the art of historical writing, with special reference to his monumental work, <I>A history of Rome</I>",141847
568,1906,Peace,1906-12-10,"for his role in bringing to an end the bloody war recently waged between two of the world's great powers, Japan and Russia",138536
569,1914,Chemistry,1915-11-11,in recognition of his accurate determinations of the atomic weight of a large number of chemical elements,146900
570,1933,Physiology or Medicine,,for his discoveries concerning the role played by the chromosome in heredity,170332
571,1929,Literature,,"principally for his great novel, <I>Buddenbrooks</I>, which has won steadily increased recognition as one of the classic works of contemporary literature",172760
572,2011,Literature,2011-10-06,"because, through his condensed, translucent images, he gives us fresh access to reality",10000000
573,1993,Literature,,"who in novels characterized by visionary force and poetic import, gives life to an essential aspect of American reality",6700000
574,1989,Economic Sciences,1989-10-11,for his clarification of the probability theory foundations of econometrics and his analyses of simultaneous economic structures,3000000
575,1965,Peace,1965-10-26,for its effort to enhance solidarity between nations and reduce the difference between rich and poor states,282000
576,1988,Peace,1988-09-29,for preventing armed clashes and creating conditions for negotiations,2500000
577,2001,Literature,2001-10-11,for having united perceptive narrative and incorruptible scrutiny in works that compel us to see the presence of suppressed histories,10000000
578,1916,Literature,1916-11-09,in recognition of his significance as the leading representative of a new era in our literature,131793
579,1977,Literature,,"for a creative poetic writing which illuminates man's condition in the cosmos and in present-day society, at the same time representing the great renewal of the traditions of Spanish poetry between the wars",700000
580,1955,Chemistry,1955-11-02,"for his work on biochemically important sulphur compounds, especially for the first synthesis of a polypeptide hormone",190214
581,1956,Physics,,for their researches on semiconductors and their discovery of the transistor effect,200123
582,1920,Chemistry,,in recognition of his work in thermochemistry,134100
583,2004,Peace,2004-10-08,"for her contribution to sustainable development, democracy and peace",10000000
584,1973,Economic Sciences,1973-10-18,for the development of the input-output method and for its application to important economic problems,510000
585,1932,Physics,,"for the creation of quantum mechanics, the application of which has, inter alia, led to the discovery of the allotropic forms of hydrogen",171753
586,1901,Physics,,in recognition of the extraordinary services he has rendered by the discovery of the remarkable rays subsequently named after him,150782
587,1909,Chemistry,,in recognition of his work on catalysis and for his investigations into the fundamental principles governing chemical equilibria and rates of reaction,139800
588,1911,Physics,,for his discoveries regarding the laws governing the radiation of heat,140695
589,1960,Chemistry,1960-11-03,"for his method to use carbon-14 for age determination in archaeology, geology, geophysics, and other branches of science",225987
590,1924,Physiology or Medicine,,for his discovery of the mechanism of the electrocardiogram,116719
591,1923,Literature,,"for his always inspired poetry, which in a highly artistic form gives expression to the spirit of a whole nation",114935
592,1949,Chemistry,,"for his contributions in the field of chemical thermodynamics, particularly concerning the behaviour of substances at extremely low temperatures",156290
593,1949,Literature,,for his powerful and artistically unique contribution to the modern American novel,156290
594,1983,Literature,,"for his novels which, with the perspicuity of realistic narrative art and the diversity and universality of myth, illuminate the human condition in the world of today",1500000
595,1976,Chemistry,1976-10-18,for his studies on the structure of boranes illuminating problems of chemical bonding,681000
596,1971,Peace,1971-10-21,for paving the way for a meaningful dialogue between East and West,450000
597,1953,Literature,,for his mastery of historical and biographical description as well as for brilliant oratory in defending exalted human values,175293
598,1996,Literature,,for poetry that with ironic precision allows the historical and biological context to come to light in fragments of human reality,7400000
599,1924,Literature,,"for his great national epic, <I>The Peasants</I>",116719
600,1986,Literature,,who in a wide cultural perspective and with poetic overtones fashions the drama of existence,2000000
601,1945,Physics,,"for the discovery of the Exclusion Principle, also called the Pauli Principle",121333
602,1919,Peace,1920-12-10,for his role as founder of the League of Nations,133127
603,2020,Peace,2020-10-09,"for its efforts to combat hunger, for its contribution to bettering conditions for peace in conflict-affected areas and for acting as a driving force in efforts to prevent the use of hunger as a weapon of war and conflict",10000000
604,1968,Literature,,"for his narrative mastery, which with great sensibility expresses the essence of the Japanese mind",350000
605,2016,Physiology or Medicine,,for his discoveries of mechanisms for autophagy,8000000
