745,A. Michael,Spence,male,1943-00-00,11
102,Aage N.,Bohr,male,1922-06-19,12
779,Aaron,Ciechanover,male,1947-10-01,13
259,Aaron,Klug,male,1926-08-11,14
114,Abdus,Salam,male,1926-01-29,15
982,Abhijit,Banerjee,male,1961-02-21,16
981,Abiy,Ahmed Ali,male,1976-08-15,17
843,Ada E.,Yonath,female,1939-06-22,18
866,Adam G.,Riess,male,1969-12-16,19
199,Adolf,Butenandt,male,1903-03-24,20
164,Adolf,von Baeyer,male,1835-10-31,21
185,Adolf,Windaus,male,1876-12-25,9
541,Adolfo,Pérez Esquivel,male,1931-11-26,23
292,Ahmed,Zewail,male,1946-02-26,24
853,Akira,Suzuki,male,1930-09-12,25
978,Akira,Yoshino,male,1948-01-30,26
819,Al,Gore,male,1948-03-31,27
729,Alan,Heeger,male,1936-01-22,28
376,Alan,Hodgkin,male,1914-02-05,29
730,Alan,MacDiarmid,male,1927-04-14,30
11,Albert A.,Michelson,male,1852-12-19,31
628,Albert,Camus,male,1913-11-07,32
403,Albert,Claude,male,1898-08-24,33
26,Albert,Einstein,male,1879-03-14,34
814,Albert,Fert,male,1938-03-07,35
465,Albert,Gobat,male,1843-05-21,36
519,Albert,Luthuli,male,1898-00-00,37
513,Albert,Schweitzer,male,1875-01-14,38
332,Albert,Szent-Györgyi,male,1893-09-16,39
304,Albrecht,Kossel,male,1853-09-16,40
83,Aleksandr M.,Prokhorov,male,1916-07-11,41
644,Alexandr,Solzhenitsyn,male,1918-12-11,42
766,Alexei,Abrikosov,male,1928-06-25,30
306,Alexis,Carrel,male,1873-06-28,44
544,Alfonso,García Robles,male,1911-03-20,45
392,Alfred D.,Hershey,male,1908-12-04,46
479,Alfred,Fried,male,1864-11-11,47
450,Alfred G.,Gilman,male,1941-07-01,48
87,Alfred,Kastler,male,1902-05-03,49
174,Alfred,Werner,male,1866-12-12,50
892,Alice,Munro,female,1931-07-10,51
417,Allan M.,Cormack,male,1924-02-23,52
305,Allvar,Gullstrand,male,1862-06-05,53
300,Alphonse,Laveran,male,1845-06-18,38
543,Alva,Myrdal,female,1902-01-31,42
882,Alvin E.,Roth,male,1951-12-18,33
719,Amartya,Sen,male,1933-11-03,55
590,Anatole,France,male,1844-04-16,38
360,André F.,Cournand,male,1895-09-24,38
849,Andre,Geim,male,1958-10-21,56
618,André,Gide,male,1869-11-22,38
381,André,Lwoff,male,1902-05-08,57
990,Andrea,Ghez,female,1965-06-16,33
534,Andrei,Sakharov,male,1921-05-21,59
377,Andrew,Huxley,male,1917-11-22,60
412,Andrew V.,Schally,male,1926-11-30,61
802,Andrew Z.,Fire,male,1959-04-27,0
926,Angus,Deaton,male,1945-10-19,62
768,Anthony J.,Leggett,male,1938-03-26,4
101,Antony,Hewish,male,1924-05-11,64
538,Anwar,al-Sadat,male,1918-12-25,65
214,Archer J.P.,Martin,male,1910-03-01,4
311,Archibald V.,Hill,male,1886-09-26,66
891,Arieh,Warshel,male,1940-11-20,67
490,Aristide,Briand,male,1862-03-28,68
208,Arne,Tiselius,male,1902-08-10,69
111,Arno,Penzias,male,1933-04-26,10
960,Arthur,Ashkin,male,1922-09-02,33
920,Arthur B.,McDonald,male,1943-08-29,71
33,Arthur H.,Compton,male,1892-09-10,72
186,Arthur,Harden,male,1865-10-12,45
499,Arthur,Henderson,male,1863-09-13,73
368,Arthur,Kornberg,male,1918-03-03,74
119,Arthur L.,Schawlow,male,1921-05-05,75
203,Artturi,Virtanen,male,1895-01-15,76
722,Arvid,Carlsson,male,1923-01-25,42
310,August,Krogh,male,1874-11-15,78
475,Auguste,Beernaert,male,1829-07-26,79
553,Aung San Suu Kyi,,female,1945-06-19,80
780,Avram,Hershko,male,1937-12-31,81
923,Aziz,Sancar,male,1946-09-08,82
845,Barack,Obama,male,1961-08-04,83
428,Barbara,McClintock,female,1902-06-16,84
942,Barry C.,Barish,male,1936-01-27,85
789,Barry J.,Marshall,male,1951-09-30,86
743,Barry,Sharpless,male,1941-04-28,19
409,Baruch S.,Blumberg,male,1925-07-28,33
419,Baruj,Benacerraf,male,1920-10-29,88
103,Ben R.,Mottelson,male,1926-07-09,20
936,Bengt,Holmström,male,1949-04-18,65
426,Bengt I.,Samuelsson,male,1934-05-21,89
933,Bernard L.,Feringa,male,1951-05-18,90
345,Bernardo,Houssay,male,1887-04-10,12
445,Bert,Sakmann,male,1942-06-12,91
468,Bertha,von Suttner,female,1843-06-09,92
689,Bertil,Ohlin,male,1899-04-23,93
145,Bertram N.,Brockhouse,male,1918-07-15,94
621,Bertrand,Russell,male,1872-05-18,95
535,Betty,Williams,female,1943-05-22,96
572,Bjørnstjerne,Bjørnson,male,1832-12-08,97
937,Bob,Dylan,male,1941-05-24,98
629,Boris,Pasternak,male,1890-02-10,48
99,Brian D.,Josephson,male,1940-01-04,99
879,Brian,Kobilka,male,1955-05-30,100
865,Brian P.,Schmidt,male,1967-02-24,101
861,Bruce A.,Beutler,male,1957-12-29,20
261,Bruce,Merrifield,male,1921-07-15,102
105,Burton,Richter,male,1931-03-22,63
34,C.T.R.,Wilson,male,1869-02-14,103
298,Camillo,Golgi,male,1843-07-07,104
666,Camilo José,Cela,male,1916-05-11,105
189,Carl,Bosch,male,1874-08-27,106
343,Carl,Cori,male,1896-12-05,107
43,Carl D.,Anderson,male,1905-09-03,33
588,Carl,Spitteler,male,1845-04-24,108
500,Carl,von Ossietzky,male,1889-10-03,109
740,Carl,Wieman,male,1951-03-26,110
124,Carlo,Rubbia,male,1934-03-31,111
562,Carlos Filipe Ximenes,Belo,male,1948-02-03,112
501,Carlos,Saavedra Lamas,male,1878-11-01,12
836,Carol W.,Greider,female,1961-04-15,113
55,Cecil,Powell,male,1903-12-05,114
431,César,Milstein,male,1927-10-08,115
384,Charles B.,Huggins,male,1901-09-22,116
25,Charles Edouard,Guillaume,male,1861-02-15,117
489,Charles G.,Dawes,male,1865-08-27,118
22,Charles Glover,Barkla,male,1877-06-07,119
81,Charles H.,Townes,male,1915-07-28,120
269,Charles J.,Pedersen,male,1904-10-03,121
838,Charles K.,Kao,male,1933-11-04,122
987,Charles,Rice,male,1952-08-25,123
318,Charles,Nicolle,male,1866-09-21,124
307,Charles,Richet,male,1850-08-26,38
68,Chen Ning,Yang,male,1922-09-22,125
319,Christiaan,Eijkman,male,1858-08-11,126
241,Christian,Anfinsen,male,1916-03-26,127
404,Christian,de Duve,male,1917-10-02,128
486,Christian,Lange,male,1869-09-17,129
453,Christiane,Nüsslein-Volhard,female,1942-10-20,130
858,Christopher A.,Pissarides,male,1948-02-20,131
873,Christopher A.,Sims,male,1942-10-21,16
153,Claude,Cohen-Tannoudji,male,1933-04-01,132
662,Claude,Simon,male,1913-10-10,133
146,Clifford G.,Shull,male,1915-09-23,134
44,Clinton,Davisson,male,1881-10-22,135
772,Clive W.J.,Granger,male,1934-09-04,136
505,Cordell,Hull,male,1871-10-02,137
333,Corneille,Heymans,male,1892-03-28,138
803,Craig C.,Mello,male,1960-10-19,139
657,Czeslaw,Milosz,male,1911-06-30,140
410,D. Carleton,Gajdusek,male,1923-09-09,141
520,Dag,Hammarskjöld,male,1905-07-29,142
857,Dale T.,Mortensen,male,1939-02-02,143
867,Dan,Shechtman,male,1941-01-24,144
363,Daniel,Bovet,male,1907-03-23,145
157,Daniel C.,Tsui,male,1939-02-28,146
759,Daniel,Kahneman,male,1934-03-05,133
733,Daniel L.,McFadden,male,1937-07-29,147
415,Daniel,Nathans,male,1928-10-30,110
674,Dario,Fo,male,1926-03-24,148
406,David,Baltimore,male,1938-03-07,33
423,David H.,Hubel,male,1926-02-27,149
776,David J.,Gross,male,1941-02-19,16
928,David J.,Thouless,male,1934-09-21,150
877,David J.,Wineland,male,1944-02-24,151
149,David M.,Lee,male,1931-01-20,152
567,David,Trimble,male,1944-10-15,85
966,Denis,Mukwege,male,1955-03-01,153
93,Dennis,Gabor,male,1900-06-05,154
237,Derek,Barton,male,1918-09-08,155
669,Derek,Walcott,male,1930-01-23,156
546,Desmond,Tutu,male,1931-10-07,157
362,Dickinson W.,Richards,male,1895-10-30,158
975,Didier,Queloz,male,1966-02-23,100
74,Donald A.,Glaser,male,1926-09-21,159
267,Donald J.,Cram,male,1919-04-22,160
962,Donna,Strickland,female,1959-05-27,161
817,Doris,Lessing,female,1919-10-22,162
230,Dorothy Crowfoot,Hodgkin,female,1910-05-12,163
150,Douglas D.,Osheroff,male,1945-08-01,164
710,Douglass C.,North,male,1920-11-05,5
264,Dudley R.,Herschbach,male,1932-06-18,165
443,E. Donnall,Thomas,male,1920-03-15,166
59,E. M.,Purcell,male,1912-08-30,167
397,Earl W.,"Sutherland, Jr.",male,1915-11-19,168
324,Edgar,Adrian,male,1889-11-30,4
446,Edmond H.,Fischer,male,1920-04-06,169
807,Edmund S.,Phelps,male,1933-07-26,170
166,Eduard,Buchner,male,1860-05-20,171
905,Edvard I.,Moser,male,1962-04-27,172
336,Edward A.,Doisy,male,1893-11-13,173
452,Edward B.,Lewis,male,1918-05-20,174
349,Edward C.,Kendall,male,1886-03-08,175
787,Edward C.,Prescott,male,1940-12-26,176
365,Edward,Tatum,male,1909-12-14,99
52,Edward V.,Appleton,male,1892-09-06,177
447,Edwin G.,Krebs,male,1918-06-06,178
212,Edwin M.,McMillan,male,1907-09-18,179
348,Egas,Moniz,male,1874-11-29,180
852,Ei-ichi,Negishi,male,1935-07-14,181
533,Eisaku,Sato,male,1901-03-27,182
782,Elfriede,Jelinek,female,1946-10-20,183
658,Elias,Canetti,male,1905-07-25,184
275,Elias James,Corey,male,1928-07-12,185
464,Élie,Ducommun,male,1833-02-19,100
548,Elie,Wiesel,male,1928-09-30,186
480,Elihu,Root,male,1845-02-15,187
846,Elinor,Ostrom,female,1933-08-07,47
835,Elizabeth H.,Blackburn,female,1948-11-26,189
869,Ellen,Johnson Sirleaf,female,1938-10-29,190
161,Emil,Fischer,male,1852-10-09,191
293,Emil,von Behring,male,1854-03-15,192
72,Emilio,Segrè,male,1905-02-01,193
506,Emily Greene,Balch,female,1867-01-08,194
991,Emmanuelle,Charpentier,female,1968-12-11,195
46,Enrico,Fermi,male,1901-09-29,134
909,Eric,Betzig,male,1960-01-13,196
738,Eric,Cornell,male,1961-12-19,197
454,Eric F.,Wieschaus,male,1947-06-08,198
724,Eric,Kandel,male,1929-11-07,36
821,Eric S.,Maskin,male,1950-12-12,33
604,Erik Axel,Karlfeldt,male,1864-07-20,199
625,Ernest,Hemingway,male,1899-07-21,200
47,Ernest,Lawrence,male,1901-08-08,201
167,Ernest,Rutherford,male,1871-08-30,202
57,Ernest T.S.,Walton,male,1903-10-06,203
471,Ernesto Teodoro,Moneta,male,1833-09-20,204
340,Ernst B.,Chain,male,1906-06-19,9
244,Ernst Otto,Fischer,male,1918-11-10,10
127,Ernst,Ruska,male,1906-12-25,29
444,Erwin,Neher,male,1944-03-20,205
39,Erwin,Schrödinger,male,1887-08-12,36
983,Esther,Duflo,female,1972-10-25,38
894,Eugene F.,Fama,male,1939-02-14,43
608,Eugene,O'Neill,male,1888-10-16,33
78,Eugene,Wigner,male,1902-11-17,206
651,Eugenio,Montale,male,1896-10-12,207
649,Eyvind,Johnson,male,1900-07-29,208
929,F. Duncan M.,Haldane,male,1951-09-14,4
283,F. Sherwood,Rowland,male,1927-06-28,209
556,F.W.,de Klerk,male,1936-03-18,210
58,Felix,Bloch,male,1905-10-23,39
379,Feodor,Lynen,male,1911-04-06,10
14,Ferdinand,Braun,male,1850-06-06,211
492,Ferdinand,Buisson,male,1841-12-20,38
460,Ferid,Murad,male,1936-09-14,212
786,Finn E.,Kydland,male,1943-12-01,213
963,Frances H.,Arnold,female,1956-07-25,123
372,Francis,Crick,male,1916-06-08,214
180,Francis W.,Aston,male,1877-09-01,215
699,Franco,Modigliani,male,1918-06-18,134
887,François,Englert,male,1932-11-06,216
380,François,Jacob,male,1920-06-17,217
623,François,Mauriac,male,1885-10-11,218
824,Françoise,Barré-Sinoussi,female,1947-07-30,38
494,Frank B.,Kellogg,male,1856-12-22,219
778,Frank,Wilczek,male,1951-05-15,33
613,Frans Eemil,Sillanpää,male,1888-09-16,220
193,Frédéric,Joliot,male,1900-03-19,38
573,Frédéric,Mistral,male,1830-09-08,221
463,Frédéric,Passy,male,1822-05-20,38
358,Frederick C.,Robbins,male,1916-08-25,222
313,Frederick G.,Banting,male,1891-11-14,223
148,Frederick,Reines,male,1918-03-16,224
222,Frederick,Sanger,male,1918-08-13,235
179,Frederick,Soddy,male,1877-09-02,227
474,Fredrik,Bajer,male,1837-04-21,228
487,Fridtjof,Nansen,male,1861-10-10,229
190,Friedrich,Bergius,male,1884-10-11,230
685,Friedrich,von Hayek,male,1899-05-08,36
60,Frits,Zernike,male,1888-07-16,231
177,Fritz,Haber,male,1868-12-09,232
355,Fritz,Lipmann,male,1899-06-12,233
181,Fritz,Pregl,male,1869-09-03,234
659,Gabriel,García Márquez,male,1927-03-06,235
12,Gabriel,Lippmann,male,1845-08-16,236
615,Gabriela,Mistral,female,1889-04-07,237
734,Xingjian,Gao,male,1940-01-04,238
708,Gary,Becker,male,1930-12-02,239
245,Geoffrey,Wilkinson,male,1921-07-14,240
371,Georg,von Békésy,male,1899-06-03,143
253,Georg,Wittig,male,1897-06-16,9
744,George A.,Akerlof,male,1940-06-17,241
280,George A.,Olah,male,1927-05-22,143
364,George,Beadle,male,1903-10-22,242
596,George Bernard,Shaw,male,1856-07-26,192
514,George C.,Marshall,male,1880-12-31,243
421,George D.,Snell,male,1903-12-19,244
201,George,de Hevesy,male,1885-08-01,195
405,George E.,Palade,male,1912-11-19,245
840,George E.,Smith,male,1930-05-10,246
805,George F.,Smoot,male,1945-02-20,247
439,George H.,Hitchings,male,1905-04-18,248
326,George H.,Whipple,male,1878-08-28,249
696,George J.,Stigler,male,1911-01-17,250
964,George P.,Smith,male,1941-03-10,251
45,George Paget,Thomson,male,1892-05-03,3
235,George,Porter,male,1920-12-06,252
327,George R.,Minot,male,1885-12-02,43
387,George,Wald,male,1906-11-18,33
142,Georges,Charpak,male,1924-08-01,253
430,Georges J.F.,Köhler,male,1946-04-17,10
517,Georges,Pire,male,1910-02-10,255
398,Gerald M.,Edelman,male,1929-07-01,33
697,Gerard,Debreu,male,1921-07-04,256
961,Gérard,Mourou,male,1944-06-22,257
158,Gerardus,'t Hooft,male,1946-07-05,258
128,Gerd,Binnig,male,1947-07-20,259
334,Gerhard,Domagk,male,1895-10-30,260
816,Gerhard,Ertl,male,1936-10-10,261
240,Gerhard,Herzberg,male,1904-12-25,98
582,Gerhart,Hauptmann,male,1862-11-15,263
438,Gertrude B.,Elion,female,1918-01-23,33
344,Gerty,Cori,female,1896-08-15,264
635,Giorgos,Seferis,male,1900-03-13,265
576,Giosuè,Carducci,male,1835-07-27,266
229,Giulio,Natta,male,1903-02-26,267
213,Glenn T.,Seaborg,male,1912-04-19,268
418,Godfrey N.,Hounsfield,male,1919-08-28,269
597,Grazia,Deledda,female,1871-09-27,271
972,Gregg,Semenza,male,1956-07-12,33
13,Guglielmo,Marconi,male,1874-04-25,272
684,Gunnar,Myrdal,male,1898-12-06,273
461,Günter,Blobel,male,1936-05-21,274
676,Günter,Grass,male,1927-10-16,275
17,Gustaf,Dalén,male,1869-11-30,276
31,Gustav,Hertz,male,1887-07-22,98
491,Gustav,Stresemann,male,1878-05-10,9
777,H. David,Politzer,male,1949-08-31,33
389,H. Gobind,Khorana,male,1922-01-09,278
751,H. Robert,Horvitz,male,1947-05-08,20
626,Halldór,Laxness,male,1902-04-23,279
416,Hamilton O.,Smith,male,1931-08-23,33
91,Hannes,Alfvén,male,1908-05-30,280
88,Hans,Bethe,male,1906-07-02,200
188,Hans,Fischer,male,1881-07-27,281
136,Hans G.,Dehmelt,male,1922-09-09,282
354,Hans,Krebs,male,1900-08-25,283
329,Hans,Spemann,male,1869-06-27,284
187,Hans,von Euler-Chelpin,male,1873-02-15,285
823,Harald,zur Hausen,male,1936-03-11,286
192,Harold C.,Urey,male,1893-04-29,287
441,Harold E.,Varmus,male,1939-12-18,288
801,Harold,Pinter,male,1930-10-10,4
704,Harry M.,Markowitz,male,1927-08-24,20
650,Harry,Martinson,male,1904-05-06,289
272,Hartmut,Michel,male,1948-07-18,290
985,Harvey,Alter,male,1935-09-12,33
18,Heike,Kamerlingh Onnes,male,1853-09-21,79
647,Heinrich,Böll,male,1917-12-21,95
129,Heinrich,Rohrer,male,1933-06-06,292
184,Heinrich,Wieland,male,1877-06-04,293
2,Hendrik A.,Lorentz,male,1853-07-18,294
4,Henri,Becquerel,male,1852-12-15,38
600,Henri,Bergson,male,1859-10-18,38
481,Henri,La Fontaine,male,1854-04-22,205
165,Henri,Moissan,male,1852-09-28,38
335,Henrik,Dam,male,1895-02-21,1
587,Henrik,Pontoppidan,male,1857-07-24,295
462,Henry,Dunant,male,1828-05-08,100
530,Henry,Kissinger,male,1923-05-27,296
260,Henry,Taube,male,1915-11-30,297
139,Henry W.,Kendall,male,1926-12-09,43
575,Henryk,Sienkiewicz,male,1846-05-05,298
262,Herbert A.,Hauptman,male,1917-02-14,33
252,Herbert C.,Brown,male,1912-05-22,4
727,Herbert,Kroemer,male,1928-08-25,300
338,Herbert S.,Gasser,male,1888-07-05,301
691,Herbert,Simon,male,1916-06-15,140
617,Hermann,Hesse,male,1877-07-02,302
342,Hermann J.,Muller,male,1890-12-21,33
216,Hermann,Staudinger,male,1881-03-23,304
844,Herta,Müller,female,1953-08-17,305
731,Hideki,Shirakawa,male,1936-08-20,306
54,Hideki,Yukawa,male,1907-01-23,295
907,Hiroshi,Amano,male,1960-09-11,308
485,Hjalmar,Branting,male,1860-11-23,58
156,Horst L.,Störmer,male,1949-04-06,309
408,Howard M.,Temin,male,1934-12-10,19
359,Hugo,Theorell,male,1903-07-06,310
71,Igor Y.,Tamm,male,1895-07-08,311
721,Il´ja M.,Frank,male,1908-10-23,312
301,Ilya,Mechnikov,male,1845-05-15,313
250,Ilya,Prigogine,male,1917-01-25,48
761,Imre,Kertész,male,1929-11-09,143
194,Irène,Joliot-Curie,female,1897-09-12,38
191,Irving,Langmuir,male,1881-01-31,63
781,Irwin,Rose,male,1926-07-16,63
654,Isaac Bashevis,Singer,male,1904-07-14,316
906,Isamu,Akasaki,male,1929-01-30,317
49,Isidor Isaac,Rabi,male,1898-07-29,318
606,Ivan,Bunin,male,1870-10-22,319
296,Ivan,Pavlov,male,1849-09-14,320
98,Ivar,Giaever,male,1929-04-05,321
633,Ivo,Andric,male,1892-10-10,322
130,J. Georg,Bednorz,male,1950-05-16,323
80,J. Hans D.,Jensen,male,1907-06-25,98
763,J. M.,Coetzee,male,1940-02-09,324
440,J. Michael,Bishop,male,1936-02-22,325
930,J. Michael,Kosterlitz,male,1943-06-22,326
790,J. Robin,Warren,male,1937-06-11,327
10,J.J.,Thomson,male,1856-12-18,328
592,Jacinto,Benavente,male,1866-08-12,329
728,Jack,Kilby,male,1923-11-08,330
134,Jack,Steinberger,male,1921-05-25,331
837,Jack W.,Szostak,male,1952-11-09,4
160,Jacobus H.,van 't Hoff,male,1852-08-30,332
944,Jacques,Dubochet,male,1942-06-08,333
382,Jacques,Monod,male,1910-02-09,38
715,James A.,Mirrlees,male,1936-07-05,334
204,James B.,Sumner,male,1887-11-19,335
41,James,Chadwick,male,1891-10-20,45
116,James,Cronin,male,1931-09-29,20
690,James E.,Meade,male,1907-06-23,337
884,James E.,Rothman,male,1950-11-03,338
30,James,Franck,male,1882-08-26,98
732,James J.,Heckman,male,1944-04-19,20
700,James M.,Buchanan Jr.,male,1919-10-03,339
958,James P.,Allison,male,1948-08-07,340
973,James,Peebles,male,1935-04-25,341
104,James,Rainwater,male,1917-12-09,342
695,James,Tobin,male,1918-03-05,343
373,James,Watson,male,1928-04-06,20
678,Jan,Tinbergen,male,1903-04-12,344
496,Jane,Addams,female,1860-09-06,345
223,Jaroslav,Heyrovsky,male,1890-12-20,253
661,Jaroslav,Seifert,male,1901-09-23,253
32,Jean Baptiste,Perrin,male,1870-09-30,347
420,Jean,Dausset,male,1916-10-19,348
915,Jean,Tirole,male,1953-08-09,349
832,Jean-Marie Gustave,Le Clézio,male,1940-04-13,350
268,Jean-Marie,Lehn,male,1939-09-30,351
637,Jean-Paul,Sartre,male,1905-06-21,38
931,Jean-Pierre,Sauvage,male,1944-10-21,38
938,Jeffrey C.,Hall,male,1945-05-03,33
992,Jennifer A.,Doudna,female,1964-02-19,16
289,Jens C.,Skou,male,1918-10-08,353
138,Jerome I.,Friedman,male,1930-03-28,20
263,Jerome,Karle,male,1918-06-18,33
762,Jimmy,Carter,male,1924-10-01,354
945,Joachim,Frank,male,1940-09-12,355
565,Jody,Williams,female,1950-10-09,356
270,Johann,Deisenhofer,male,1943-09-30,357
15,Johannes Diderik,van der Waals,male,1837-11-23,280
316,Johannes,Fibiger,male,1867-04-23,358
24,Johannes,Stark,male,1874-04-15,359
614,Johannes V.,Jensen,male,1873-01-20,360
756,John B.,Fenn,male,1917-06-15,33
976,John,Goodenough,male,1922-07-25,362
66,John,Bardeen,male,1908-05-23,267
711,John C.,Harsanyi,male,1920-05-29,143
227,John C.,Kendrew,male,1917-03-24,152
804,John C.,Mather,male,1946-08-07,363
266,John C.,Polanyi,male,1929-01-23,9
56,John,Cockcroft,male,1897-05-27,229
247,John,Cornforth,male,1917-09-07,365
752,John E.,Sulston,male,1942-03-27,3
288,John E.,Walker,male,1941-01-07,366
356,John F.,Enders,male,1897-02-10,367
712,John F.,Nash Jr.,male,1928-06-13,368
605,John,Galsworthy,male,1867-08-14,369
205,John H.,Northrop,male,1891-07-05,130
109,John H.,van Vleck,male,1899-03-13,370
566,John,Hume,male,1937-01-18,371
792,John L.,Hall,male,1934-08-21,372
314,John,Macleod,male,1876-09-06,373
903,John,O'Keefe,male,1939-11-18,33
291,John,Pople,male,1925-10-31,374
681,John R.,Hicks,male,1904-04-08,375
507,John R.,Mott,male,1865-05-25,376
427,John R.,Vane,male,1927-03-29,377
634,John,Steinbeck,male,1902-02-27,378
574,José,Echegaray,male,1832-04-19,318
563,José,Ramos-Horta,male,1949-12-26,379
675,José,Saramago,male,1922-11-16,380
664,Joseph,Brodsky,male,1940-05-24,381
442,Joseph E.,Murray,male,1919-04-01,382
746,Joseph E.,Stiglitz,male,1943-02-09,383
337,Joseph,Erlanger,male,1874-01-05,178
144,Joseph H.,Taylor Jr.,male,1941-03-29,19
433,Joseph L.,Goldstein,male,1940-04-18,384
560,Joseph,Rotblat,male,1908-11-04,385
366,Joshua,Lederberg,male,1925-05-23,386
934,Juan Manuel,Santos,male,1951-08-10,387
627,Juan Ramón,Jiménez,male,1881-12-24,388
862,Jules A.,Hoffmann,male,1941-08-02,389
309,Jules,Bordet,male,1870-06-13,390
85,Julian,Schwinger,male,1918-02-12,33
396,Julius,Axelrod,male,1912-05-30,33
317,Julius,Wagner-Jauregg,male,1857-03-07,391
131,K. Alex,Müller,male,1927-04-20,243
120,Kai M.,Siegbahn,male,1918-04-20,392
913,Kailash,Satyarthi,male,1954-01-11,393
586,Karl,Gjellerup,male,1857-06-02,394
321,Karl,Landsteiner,male,1868-06-14,395
400,Karl,von Frisch,male,1886-11-20,36
228,Karl,Ziegler,male,1898-11-26,396
278,Kary B.,Mullis,male,1944-12-28,397
947,Kazuo,Ishiguro,male,1954-11-08,398
386,Keffer,Hartline,male,1903-12-22,399
257,Kenichi,Fukui,male,1918-10-04,400
121,Kenneth G.,Wilson,male,1936-06-08,401
682,Kenneth J.,Arrow,male,1921-08-23,33
671,Kenzaburo,Oe,male,1935-01-31,402
725,Kim,Dae-jung,male,1925-12-03,403
943,Kip S.,Thorne,male,1940-06-01,404
473,Klas Pontus,Arnoldson,male,1844-10-27,66
126,Klaus,von Klitzing,male,1943-06-28,405
589,Knut,Hamsun,male,1859-08-04,406
749,Kofi,Annan,male,1938-04-08,407
757,Koichi,Tanaka,male,1959-08-03,408
378,Konrad,Bloch,male,1912-01-21,409
401,Konrad,Lorenz,male,1903-11-07,36
850,Konstantin,Novoselov,male,1974-08-23,411
211,Kurt,Alder,male,1902-07-10,412
758,Kurt,Wüthrich,male,1938-10-04,413
236,Lars,Onsager,male,1903-11-27,218
895,Lars Peter,Hansen,male,1952-10-26,52
21,Lawrence,Bragg,male,1890-03-31,316
694,Lawrence R.,Klein,male,1920-09-14,74
531,Le Duc Tho,,male,1911-10-14,414
545,Lech,Walesa,male,1943-09-29,415
735,Leland,Hartwell,male,1939-10-30,47
97,Leo,Esaki,male,1925-03-12,416
484,Léon,Bourgeois,male,1851-05-21,38
512,Léon,Jouhaux,male,1879-07-01,38
132,Leon M.,Lederman,male,1922-07-15,33
95,Leon N.,Cooper,male,1930-02-28,33
820,Leonid,Hurwicz,male,1917-08-21,48
686,Leonid Vitaliyevich,Kantorovich,male,1912-01-19,418
200,Leopold,Ruzicka,male,1887-09-13,419
516,Lester Bowles,Pearson,male,1897-04-23,212
77,Lev,Landau,male,1908-01-22,420
870,Leymah,Gbowee,female,1972-02-01,179
775,Linda B.,Buck,female,1947-01-29,139
217,Linus,Pauling,male,1901-02-28,431
855,Xiaobo,Liu,male,1955-12-28,423
883,Lloyd S.,Shapley,male,1923-06-02,5
510,John,Boyd Orr,male,1880-09-23,424
8,Lord,Rayleigh,male,1842-11-12,425
221,Lord,Todd,male,1907-10-02,62
36,Louis,de Broglie,male,1892-08-15,426
459,Louis J.,Ignarro,male,1941-05-31,63
92,Louis,Néel,male,1904-11-22,427
472,Louis,Renault,male,1843-05-21,428
993,Louise,Glück,female,1943-04-22,33
825,Luc,Montagnier,male,1932-08-18,429
493,Ludwig,Quidde,male,1858-03-23,430
607,Luigi,Pirandello,male,1867-06-28,431
89,Luis,Alvarez,male,1911-06-13,178
239,Luis,Leloir,male,1906-09-06,38
977,M. Stanley,Whittingham,male,1941-12-22,
536,Mairead,Corrigan,female,1944-01-27,85
827,Makoto,Kobayashi,male,1944-04-07,15
914,Malala,Yousafzai,female,1997-07-12,433
233,Manfred,Eigen,male,1927-05-09,434
29,Manne,Siegbahn,male,1886-12-03,435
79,Maria,Goeppert Mayer,female,1906-06-28,436
6,Marie,Curie,female,1867-11-07,374
282,Mario J.,Molina,male,1943-03-19,437
811,Mario R.,Capecchi,male,1937-10-06,438
854,Mario,Vargas Llosa,male,1936-03-28,439
390,Marshall W.,Nirenberg,male,1927-04-10,33
830,Martin,Chalfie,male,1947-01-15,20
889,Martin,Karplus,male,1930-03-15,36
147,Martin L.,Perl,male,1927-06-24,33
524,Martin Luther,King Jr.,male,1929-01-15,440
451,Martin,Rodbell,male,1925-12-01,8
100,Martin,Ryle,male,1918-09-27,354
159,Martinus J.G.,Veltman,male,1931-06-27,441
833,Martti,Ahtisaari,male,1937-06-23,442
754,Masatoshi,Koshiba,male,1926-09-19,443
702,Maurice,Allais,male,1911-05-31,38
581,Maurice,Maeterlinck,male,1862-08-29,127
374,Maurice,Wilkins,male,1916-12-15,444
61,Max,Born,male,1882-12-11,445
391,Max,Delbrück,male,1906-09-04,9
226,Max F.,Perutz,male,1914-05-19,36
23,Max,Planck,male,1858-04-23,446
352,Max,Theiler,male,1899-01-30,447
19,Max,von Laue,male,1879-10-09,448
904,May-Britt,Moser,female,1963-01-04,449
225,Melvin,Calvin,male,1911-04-08,450
133,Melvin,Schwartz,male,1932-11-02,33
539,Menachem,Begin,male,1913-08-16,452
705,Merton H.,Miller,male,1923-05-16,43
986,Michael,Houghton,male,,
984,Michael,Kremer,male,1964-11-12,33
890,Michael,Levitt,male,1947-05-09,436
939,Michael,Rosbash,male,1944-03-07,454
432,Michael S.,Brown,male,1941-04-13,33
279,Michael,Smith,male,1932-04-26,455
940,Michael W.,Young,male,1949-03-28,456
974,Michel,Mayor,male,1942-01-12,322
641,Miguel Angel,Asturias,male,1899-10-19,457
552,Mikhail,Gorbachev,male,1931-03-02,458
638,Mikhail,Sholokhov,male,1905-05-24,459
688,Milton,Friedman,male,1912-07-31,63
880,Mo,Yan,male,1955-02-02,460
798,Mohamed,ElBaradei,male,1942-06-17,461
540,Anjezë Gonxhe,Bojaxhiu,female,1910-08-26,462
809,Muhammad,Yunus,male,1940-06-28,463
90,Murray,Gell-Mann,male,1929-09-15,33
718,Myron,Scholes,male,1941-07-01,464
967,Nadia,Murad,female,1993-00-00,465
668,Nadine,Gordimer,female,1923-11-20,466
665,Naguib,Mahfouz,male,1911-12-11,450
495,Nathan,Söderblom,male,1866-01-15,467
640,Nelly,Sachs,female,1891-12-10,9
555,Nelson,Mandela,male,1918-07-18,468
497,Nicholas Murray,Butler,male,1862-04-02,469
118,Nicolaas,Bloembergen,male,1920-03-11,470
82,Nicolay G.,Basov,male,1922-12-14,471
27,Niels,Bohr,male,1885-10-07,1
429,Niels K.,Jerne,male,1911-12-23,4
295,Niels Ryberg,Finsen,male,1860-12-15,472
402,Nikolaas,Tinbergen,male,1907-04-15,333
220,Nikolay,Semenov,male,1896-04-03,473
528,Norman,Borlaug,male,1914-03-25,474
135,Norman F.,Ramsey,male,1915-08-27,16
196,Norman,Haworth,male,1883-03-19,475
667,Octavio,Paz,male,1914-03-31,426
238,Odd,Hassel,male,1897-05-17,218
655,Odysseus,Elytis,male,1911-11-02,477
979,Olga,Tokarczuk,female,1962-01-29,478
847,Oliver E.,Williamson,male,1932-09-27,479
935,Oliver,Hart,male,1948-10-09,4
813,Oliver,Smithies,male,1925-06-23,355
808,Orhan,Pamuk,male,1952-06-07,480
829,Osamu,Shimomura,male,1928-08-27,296
549,Oscar,Arias Sánchez,male,1940-09-13,482
210,Otto,Diels,male,1876-01-23,98
202,Otto,Hahn,male,1879-03-08,279
331,Otto,Loewi,male,1873-06-03,279
312,Otto,Meyerhof,male,1884-04-12,484
48,Otto,Stern,male,1888-02-17,485
169,Otto,Wallach,male,1847-03-27,222
322,Otto,Warburg,male,1883-10-08,486
73,Owen,Chamberlain,male,1920-07-10,178
35,Owen Willans,Richardson,male,1879-04-26,487
645,Pablo,Neruda,male,1904-07-12,488
622,Pär,Lagerkvist,male,1891-05-23,489
53,Patrick M.S.,Blackett,male,1897-11-18,4
912,Patrick,Modiano,male,1945-07-30,38
648,Patrick,White,male,1912-05-28,4
679,Paul A.,Samuelson,male,1915-05-15,372
40,Paul A.M.,Dirac,male,1902-08-08,55
254,Paul,Berg,male,1926-06-30,33
764,Paul C.,Lauterbur,male,1929-05-06,490
287,Paul D.,Boyer,male,1918-07-31,491
302,Paul,Ehrlich,male,1854-03-14,492
723,Paul,Greengard,male,1925-12-11,33
476,Paul Henri,d'Estournelles de Constant,male,1852-11-22,493
580,Paul,Heyse,male,1830-03-15,494
281,Paul J.,Crutzen,male,1933-12-03,220
246,Paul J.,Flory,male,1910-06-19,496
197,Paul,Karrer,male,1889-04-21,48
834,Paul,Krugman,male,1953-02-28,33
969,Paul M.,Romer,male,1955-00-00,361
922,Paul,Modrich,male,1946-06-13,497
346,Paul,Müller,male,1899-01-12,498
995,Paul,Milgrom,male,1948-04-20,499
173,Paul,Sabatier,male,1854-11-05,500
70,Pavel A.,Cherenkov,male,1904-07-28,501
610,Pearl,Buck,female,1892-06-26,502
51,Percy W.,Bridgman,male,1882-04-21,5
856,Peter A.,Diamond,male,1940-04-29,33
769,Peter,Agre,male,1949-01-30,504
455,Peter C.,Doherty,male,1940-10-15,505
195,Peter,Debye,male,1884-03-24,506
815,Peter,Grünberg,male,1939-05-18,507
980,Peter,Handke,male,1942-12-06,508
888,Peter,Higgs,male,1929-05-29,509
370,Peter,Medawar,male,1915-02-28,510
251,Peter,Mitchell,male,1920-09-29,511
383,Peyton,Rous,male,1879-10-05,8
518,Philip,Noel-Baker,male,1889-11-01,4
351,Philip S.,Hench,male,1896-02-28,123
107,Philip W.,Anderson,male,1923-12-13,512
9,Philipp,Lenard,male,1862-06-07,513
449,Phillip A.,Sharp,male,1944-06-06,514
5,Pierre,Curie,male,1859-05-15,38
141,Pierre-Gilles,de Gennes,male,1932-10-24,38
3,Pieter,Zeeman,male,1865-05-25,515
64,Polykarp,Kusch,male,1911-01-26,516
110,Pyotr,Kapitsa,male,1894-07-09,518
583,Rabindranath,Tagore,male,1861-05-07,519
677,Ragnar,Frisch,male,1895-03-03,465
385,Ragnar,Granit,male,1900-10-30,520
941,Rainer,Weiss,male,1932-09-29,9
511,Ralph,Bunche,male,1904-08-07,488
863,Ralph M.,Steinman,male,1943-01-14,521
466,Randal,Cremer,male,1828-03-18,522
885,Randy W.,Schekman,male,1948-12-30,439
753,Raymond,Davis Jr.,male,1914-10-14,16
989,Reinhard,Genzel,male,1952-03-24,523
713,Reinhard,Selten,male,1930-10-05,434
407,Renato,Dulbecco,male,1914-02-22,525
526,René,Cassin,male,1887-10-05,526
755,Riccardo,Giacconi,male,1931-10-06,196
774,Richard,Axel,male,1946-07-02,33
286,Richard E.,Smalley,male,1943-06-06,527
140,Richard E.,Taylor,male,1929-11-02,528
851,Richard F.,Heck,male,1931-08-15,529
949,Richard H.,Thaler,male,1945-09-12,530
946,Richard,Henderson,male,1945-07-19,531
448,Richard J.,Roberts,male,1943-09-06,532
198,Richard,Kuhn,male,1900-12-03,533
215,Richard L.M.,Synge,male,1914-10-28,325
86,Richard P.,Feynman,male,1918-05-11,33
276,Richard R.,Ernst,male,1933-08-14,535
796,Richard R.,Schrock,male,1945-01-04,536
698,Richard,Stone,male,1913-08-30,4
176,Richard,Willstätter,male,1872-08-13,537
182,Richard,Zsigmondy,male,1865-04-01,384
554,Rigoberta,Menchú Tum,female,1959-01-09,538
435,Rita,Levi-Montalcini,female,1909-04-22,539
258,Roald,Hoffmann,male,1937-07-18,540
28,Robert A.,Millikan,male,1868-03-22,541
155,Robert B.,Laughlin,male,1950-11-01,542
996,Robert,Wilson,male,1937-05-16,543
231,Robert B.,Woodward,male,1917-04-10,43
308,Robert,Bárány,male,1876-04-22,36
717,Robert C.,Merton,male,1944-07-31,33
151,Robert C.,Richardson,male,1937-06-26,16
502,Robert,Cecil,male,1864-09-14,4
714,Robert E.,Lucas Jr.,male,1937-09-15,544
284,Robert F.,Curl Jr.,male,1933-08-23,329
771,Robert F.,Engle III,male,1942-11-10,545
458,Robert F.,Furchgott,male,1916-06-04,546
848,Robert G.,Edwards,male,1925-09-27,547
795,Robert H.,Grubbs,male,1942-02-27,548
75,Robert,Hofstadter,male,1915-02-05,33
271,Robert,Huber,male,1937-02-20,10
799,Robert J.,Aumann,male,1930-06-08,279
878,Robert J.,Lefkowitz,male,1943-04-15,33
896,Robert J.,Shiller,male,1946-03-29,488
297,Robert,Koch,male,1843-12-11,551
701,Robert M.,Solow,male,1924-08-23,63
720,Robert,Mundell,male,1932-10-24,552
232,Robert S.,Mulliken,male,1896-06-07,553
96,Robert,Schrieffer,male,1931-05-31,189
709,Robert W.,Fogel,male,1927-07-01,33
388,Robert W.,Holley,male,1922-01-28,52
112,Robert Woodrow,Wilson,male,1936-01-10,201
770,Roderick,MacKinnon,male,1956-02-19,554
399,Rodney R.,Porter,male,1917-10-08,555
822,Roger B.,Myerson,male,1951-03-29,43
806,Roger D.,Kornberg,male,1947-04-24,96
411,Roger,Guillemin,male,1924-01-11,556
609,Roger,Martin du Gard,male,1881-03-23,557
988,Roger,Penrose,male,1931-08-08,558
422,Roger W.,Sperry,male,1913-08-20,559
831,Roger Y.,Tsien,male,1952-02-01,33
456,Rolf M.,Zinkernagel,male,1944-01-06,243
584,Romain,Rolland,male,1866-01-29,560
234,Ronald G.W.,Norrish,male,1897-11-09,3
707,Ronald H.,Coase,male,1910-12-29,561
294,Ronald,Ross,male,1857-05-13,562
413,Rosalyn,Yalow,female,1921-07-19,33
791,Roy J.,Glauber,male,1925-09-01,33
578,Rudolf,Eucken,male,1846-01-05,564
76,Rudolf,Mössbauer,male,1929-01-31,10
277,Rudolph A.,Marcus,male,1923-07-21,510
577,Rudyard,Kipling,male,1865-12-30,565
143,Russell A.,Hulse,male,1950-11-28,33
742,Ryoji,Noyori,male,1938-09-03,566
631,Saint-John,Perse,male,1887-05-31,567
393,Salvador E.,Luria,male,1912-08-13,528
630,Salvatore,Quasimodo,male,1901-08-20,568
643,Samuel,Beckett,male,1906-04-13,192
106,Samuel C.C.,Ting,male,1936-01-27,246
299,Santiago,Ramón y Cajal,male,1852-05-01,569
917,Satoshi,&#332;mura,male,1935-07-12,570
652,Saul,Bellow,male,1915-06-10,510
864,Saul,Perlmutter,male,1959-00-00,571
672,Seamus,Heaney,male,1939-04-13,572
532,Seán,MacBride,male,1904-01-26,38
579,Selma,Lagerlöf,female,1858-11-20,573
353,Selman A.,Waksman,male,1888-07-22,574
876,Serge,Haroche,male,1944-09-11,575
367,Severo,Ochoa,male,1905-09-24,576
113,Sheldon,Glashow,male,1932-12-05,33
558,Shimon,Peres,male,1923-08-16,577
875,Shinya,Yamanaka,male,1962-09-04,578
773,Shirin,Ebadi,female,1947-06-21,579
639,Shmuel,Agnon,male,1888-07-17,580
908,Shuji,Nakamura,male,1954-05-22,581
273,Sidney,Altman,male,1939-05-07,510
601,Sigrid,Undset,female,1882-05-20,582
680,Simon,Kuznets,male,1901-04-30,583
125,Simon,van der Meer,male,1925-11-24,333
84,Sin-Itiro,Tomonaga,male,1906-03-31,296
603,Sinclair,Lewis,male,1885-02-07,584
339,Sir Alexander,Fleming,male,1881-08-06,585
693,Sir Arthur,Lewis,male,1915-01-23,586
488,Sir Austen,Chamberlain,male,1863-10-16,464
394,Sir Bernard,Katz,male,1911-03-26,587
37,Sir Chandrasekhara Venkata,Raman,male,1888-11-07,588
323,Sir Charles,Sherrington,male,1857-11-27,4
219,Sir Cyril,Hinshelwood,male,1897-05-19,4
369,Sir Frank Macfarlane,Burnet,male,1899-09-03,589
320,Sir Frederick,Hopkins,male,1861-06-20,216
965,Sir Gregory P.,Winter,male,1951-04-14,590
285,Sir Harold,Kroto,male,1939-10-07,591
330,Sir Henry,Dale,male,1875-06-09,4
341,Sir Howard,Florey,male,1898-09-24,316
932,Sir J. Fraser,Stoddart,male,1942-05-24,108
437,Sir James W.,Black,male,1924-06-14,592
874,Sir John B.,Gurdon,male,1933-10-02,593
375,Sir John,Eccles,male,1903-01-27,578
812,Sir Martin J.,Evans,male,1941-01-01,595
108,Sir Nevill F.,Mott,male,1905-09-30,596
498,Sir Norman,Angell,male,1872-12-26,597
737,Sir Paul,Nurse,male,1949-01-25,598
971,Peter,Ratcliffe,male,1954-05-14,599
765,Sir Peter,Mansfield,male,1933-10-09,4
207,Sir Robert,Robinson,male,1886-09-13,601
163,Sir William,Ramsay,male,1852-10-02,62
242,Stanford,Moore,male,1913-09-04,20
457,Stanley B.,Prusiner,male,1942-05-28,602
434,Stanley,Cohen,male,1922-11-17,63
910,Stefan W.,Hell,male,1962-12-23,603
152,Steven,Chu,male,1948-02-28,96
115,Steven,Weinberg,male,1933-05-03,33
122,Subramanyan,Chandrasekhar,male,1910-10-19,604
569,Sully,Prudhomme,male,1839-03-16,38
425,Sune K.,Bergström,male,1916-01-10,58
436,Susumu,Tonegawa,male,1939-09-05,15
162,Svante,Arrhenius,male,1859-02-19,605
924,Svetlana,Alexievich,female,1948-05-31,606
750,Sydney,Brenner,male,1927-01-13,607
619,T.S.,Eliot,male,1888-09-26,96
350,Tadeus,Reichstein,male,1897-07-20,608
919,Takaaki,Kajita,male,1959-03-09,609
959,Tasuku,Honjo,male,1942-01-27,296
871,Tawakkol,Karman,female,1979-02-07,610
551,Lhamo,Thondup,male,1935-07-06,611
183,The,Svedberg,male,1884-08-30,612
303,Theodor,Kocher,male,1841-08-25,492
571,Theodor,Mommsen,male,1817-11-30,613
793,Theodor W.,Hänsch,male,1941-10-30,29
470,Theodore,Roosevelt,male,1858-10-27,33
175,Theodore W.,Richards,male,1868-01-31,614
692,Theodore W.,Schultz,male,1902-04-30,615
842,Thomas A.,Steitz,male,1940-08-23,140
800,Thomas C.,Schelling,male,1921-04-14,616
886,Thomas C.,Südhof,male,1955-12-22,11
325,Thomas H.,Morgan,male,1866-09-25,617
357,Thomas H.,Weller,male,1915-06-15,246
872,Thomas J.,Sargent,male,1943-07-19,13
602,Thomas,Mann,male,1875-06-06,618
274,Thomas R.,Cech,male,1947-12-08,20
736,Tim,Hunt,male,1943-02-19,619
687,Tjalling C.,Koopmans,male,1910-08-28,620
478,Tobias,Asser,male,1838-04-28,220
921,Tomas,Lindahl,male,1938-01-28,58
868,Tomas,Tranströmer,male,1931-04-15,58
670,Toni,Morrison,female,1931-02-18,622
424,Torsten N.,Wiesel,male,1924-06-03,42
828,Toshihide,Maskawa,male,1940-02-07,15
703,Trygve,Haavelmo,male,1911-12-13,623
69,Tsung-Dao,Lee,male,1926-11-24,158
918,Youyou,Tu,female,1930-12-30,624
395,Ulf,von Euler,male,1905-02-07,58
747,V. S.,Naipaul,male,1932-08-17,625
117,Val,Fitch,male,1923-03-10,626
841,Venkatraman,Ramakrishnan,male,1952-00-00,627
585,Verner,von Heidenstam,male,1859-07-06,628
760,Vernon L.,Smith,male,1927-01-01,629
653,Vicente,Aleixandre,male,1898-04-26,630
42,Victor F.,Hess,male,1883-06-24,631
172,Victor,Grignard,male,1871-05-06,632
218,Vincent,du Vigneaud,male,1901-05-18,20
767,Vitaly L.,Ginzburg,male,1916-10-04,48
248,Vladimir,Prelog,male,1906-07-23,633
255,Walter,Gilbert,male,1932-03-21,43
67,Walter H.,Brattain,male,1902-02-10,634
347,Walter,Hess,male,1881-03-17,635
290,Walter,Kohn,male,1923-03-09,36
62,Walther,Bothe,male,1891-01-08,636
178,Walther,Nernst,male,1864-06-25,637
783,Wangari,Maathai,female,1940-04-01,638
683,Wassily,Leontief,male,1906-08-05,309
206,Wendell M.,Stanley,male,1904-08-16,639
414,Werner,Arber,male,1929-06-03,640
361,Werner,Forssmann,male,1904-08-29,9
38,Werner,Heisenberg,male,1901-12-05,641
1,Wilhelm Conrad,Röntgen,male,1845-03-27,642
168,Wilhelm,Ostwald,male,1853-09-02,643
16,Wilhelm,Wien,male,1864-01-13,644
224,Willard F.,Libby,male,1908-12-17,645
839,Willard S.,Boyle,male,1924-08-19,646
315,Willem,Einthoven,male,1860-05-21,647
123,William A.,Fowler,male,1911-08-09,123
65,William B.,Shockley,male,1910-02-13,4
20,William,Bragg,male,1862-07-02,648
593,William Butler,Yeats,male,1865-06-13,192
916,William C.,Campbell,male,1930-06-28,649
968,William D.,Nordhaus,male,1941-05-31,650
154,William D.,Phillips,male,1948-11-05,163
911,William E.,Moerner,male,1953-06-24,652
209,William F.,Giauque,male,1895-05-12,653
706,William F.,Sharpe,male,1934-06-16,43
620,William,Faulkner,male,1897-09-25,654
970,William,Kaelin,male,1957-11-23,33
660,William,Golding,male,1911-09-19,656
243,William H.,Stein,male,1911-06-25,33
741,William,Knowles,male,1917-06-01,657
249,William,Lipscomb,male,1919-12-09,148
328,William P.,Murphy,male,1892-02-06,658
716,William,Vickrey,male,1914-06-21,659
63,Willis E.,Lamb,male,1913-07-12,47
529,Willy,Brandt,male,1913-12-18,607
624,Winston,Churchill,male,1874-11-30,660
673,Wislawa,Szymborska,female,1923-07-02,661
594,Wladyslaw,Reymont,male,1867-05-07,662
663,Wole,Soyinka,male,1934-07-13,663
739,Wolfgang,Ketterle,male,1957-10-21,664
137,Wolfgang,Paul,male,1913-08-10,665
50,Wolfgang,Pauli,male,1900-04-25,36
483,Woodrow,Wilson,male,1856-12-28,666
557,Yasser,Arafat,male,1929-08-24,450
642,Yasunari,Kawabata,male,1899-06-11,567
559,Yitzhak,Rabin,male,1922-03-01,667
826,Yoichiro,Nambu,male,1921-01-18,295
927,Yoshinori,Ohsumi,male,1945-02-09,668
265,Yuan T.,Lee,male,1936-11-19,669
794,Yves,Chauvin,male,1930-10-10,670
726,Zhores,Alferov,male,1930-03-15,671
